Review ID,Star Rating,Review Title,Review Text,Review Submit Date and Time
04c71625-9ca8-4736-9218-310f6015d2e9,5,,❤️,2026-05-16 17:28:19
70e8b01d-b45c-4fcd-8958-e9ba184ef380,3,,mst app h ekdm simple bt brokerage bhut jyada h,2026-05-16 17:27:52
c816b418-ca26-49f0-91e0-81b95c39cb43,5,,vary nice,2026-05-16 17:19:53
66c1b307-7cfd-40e6-ad92-6a6934d8589f,4,,good app and easily operate,2026-05-16 17:14:52
deb3a812-22a0-42a5-8788-2c84fa066cb0,5,,nice experience,2026-05-16 17:11:03
b513e981-7fec-4fab-aa00-f83c7502e52a,4,,please add keep screen on option on groww. like tradingview,2026-05-16 17:05:54
330c15f5-b5f2-4acf-b092-f870c32dbacd,5,,best and good very interesting 😎🤏❤️,2026-05-16 17:03:20
7e647647-04af-44a8-bad5-8cdc91ae7f0e,5,,niche app,2026-05-16 17:02:53
d63e2c2d-52d8-4de2-a40e-7d3974d400e1,5,,good,2026-05-16 16:35:30
1f52fa82-e514-4324-8ba3-65cc91f5895a,5,,lovely apps..,2026-05-16 16:22:15
fd98fd36-b1d6-480d-aa44-26c18b2ad12b,5,,very nice investment app,2026-05-16 16:16:50
ab089c15-906e-488a-b893-912f975f57e4,5,,best,2026-05-16 16:15:41
2aa6fc4d-89e3-4b41-88e9-12a6900b2c85,5,,brokerage very high,2026-05-16 15:28:05
7d7fd1c5-cc6a-4556-991e-ae7b8cfeb059,5,,good 👍🏻😊,2026-05-16 15:22:25
96147a3e-bb81-43cf-b87e-437adbc9404c,5,,Nice and easy to use app,2026-05-16 15:13:55
652c4d9d-03d6-43bc-8dd7-656d547e1f56,5,,good app,2026-05-16 15:07:45
4413acfb-a5a6-4bba-804f-42fe2d9dcef8,5,,Good to use all IPO & MFund over there.,2026-05-16 15:06:11
3d52b2c5-8952-4a04-b4a8-bb81617520ba,4,,market is not Grow,2026-05-16 15:05:12
a92188e7-396c-4b4b-a26c-16f42ae7aa50,5,,good,2026-05-16 14:41:05
5f3cb88a-37f1-4834-9417-4e1145d1d809,3,,good aap👍🥰,2026-05-16 14:40:22
8a22ca8a-8d71-4b3f-9e03-bd7020c6f78c,5,,very good,2026-05-16 14:37:29
1b81c9e2-a045-49c0-a77f-4bdbce9777e9,5,,very good...,2026-05-16 14:28:30
2c35dfe6-6b35-4b15-be18-efa80c23e9d5,5,,good,2026-05-16 14:23:29
83158789-043f-46f0-abba-123a50484de5,5,,stok suggest,2026-05-16 13:48:15
a9a942bd-2f96-4d68-a613-89d1c06f42ba,3,,provide hindi meanings,2026-05-16 13:46:18
8ea77e21-22e4-4ffb-9bec-d254634fd14c,5,,good,2026-05-16 13:32:27
1f45b723-4370-4166-bedb-02559175575c,5,,best aap,2026-05-16 13:24:15
6bd87971-838c-49a3-aeb9-c80b6d5cc81a,5,,great,2026-05-16 13:10:27
037e471d-d60e-4436-b051-8d25407f61d5,5,,tp or sl me risk reward me price show ho to trade achaa ho sakta hai,2026-05-16 13:09:56
ed64940d-642e-44a6-8783-fd22064bffc5,5,,excellent 👌👍,2026-05-16 13:04:18
f84e48da-4338-4eb8-ae76-b9f7cc18784d,5,,good,2026-05-16 12:56:53
a5e5cd3c-4304-4537-aa09-31db6330ffa2,5,,"nice, treding company",2026-05-16 12:54:17
100411f8-5908-4436-b588-490ba64f332f,5,,good 👍,2026-05-16 12:48:01
c77f3af5-4546-48a4-bf1d-d0e4fd9eb0ae,5,,Nice,2026-05-16 12:45:50
3418086a-0c8a-4020-9cee-e20650ab9dbd,5,,nice,2026-05-16 12:44:17
1ba0a939-b56c-465e-8146-b42e4b094714,5,,good,2026-05-16 12:39:56
8e56f825-03c9-4023-be0a-aabfccec2800,5,,salary on time personal loan aap easi to use hai process fast hai aur interface clean hai overall xperieance smooth aur helful raha,2026-05-16 12:35:18
008a62cf-b5db-4b83-97ce-4476f6496328,5,,very good app,2026-05-16 12:27:06
483f8a58-cba9-4b90-a518-c9e871d27993,5,,"The Growth Stock Hair tool is an automated trading script designed to analyze historical data, identify multi-bagger candidates, and forecast market performance. Users on financial forums like Reddit praise its time-saving capabilities and visual backtesting features, but note that it requires a solid foundational understanding of market trends.Before investing in any growth stock, perform comprehensive technical validation. Utilize the TradingView Charting Platform to overlay price action.",2026-05-16 12:24:59
1da2ba0f-e098-404e-b208-0fabc5b34294,5,,best groww,2026-05-16 12:13:57
3d21bc5e-34ec-4f40-92cc-0bbb3f24d4c7,5,,good 👍😊,2026-05-16 12:08:37
183ec259-54a8-48e2-95c8-698b621a9798,5,,best application for trading,2026-05-16 11:52:36
134d0c72-fa9f-41d1-8bac-d2c2aa9f003f,5,,good,2026-05-16 11:52:27
e89648fb-9eb3-4126-91e9-c627c74993bc,5,,best trading app,2026-05-16 11:33:05
81fd0c85-8eaf-4f36-adc0-2bc03d9b960d,5,,lovely,2026-05-16 11:17:33
afe7cd47-73c0-46f9-a95e-716e363014eb,5,,👍,2026-05-16 11:14:04
67ae34ff-8c1d-493e-90b9-f329f479f029,5,,good,2026-05-16 10:51:37
584084a6-03bb-40ae-8d61-f3d74c29c4fd,5,,very good,2026-05-16 10:34:11
874d44ca-18a8-4773-8e45-adca51c39d97,5,,wow,2026-05-16 10:33:59
95dd74b8-2bc2-4863-a1db-739bb8314877,5,,fabulous 😍,2026-05-16 10:21:27
b6ce4457-f3a7-4047-88e0-bc2f03940ac7,5,,good 😊,2026-05-16 10:21:19
956a6ccf-65cf-4fdf-b7a5-d601bf4caf0f,5,,good app,2026-05-16 10:21:05
91061a35-960c-4010-ab13-7c87830de78f,5,,nice,2026-05-16 10:19:55
eeef3202-3ef2-44de-8d59-0b6cccf3fbf9,5,,very good 😊,2026-05-16 10:02:07
f29cb02c-1b44-49a2-bc9e-c90b0d96067a,2,,The app is disturbing my experience. I am unable to download the update and only this app is not downloading. kindly fix it.,2026-05-16 09:56:53
8a4f7271-2807-47bb-963e-978a55d4cb36,5,,good,2026-05-16 09:52:41
eb9d81a0-7d40-4e52-b951-b620ffa4446a,5,,great👍,2026-05-16 09:42:04
a25b5e62-2f16-4805-b3d6-0e2abdd69936,5,,very good working,2026-05-16 09:34:28
20be57c9-d808-45a9-8555-f1e844a930de,5,,Good one💝,2026-05-16 09:31:18
246c3e73-b13c-43de-959e-3b449fe6a341,5,,Superr,2026-05-16 09:23:19
f00bc5ca-9a29-4406-9319-9adb3ebf2712,5,,good 👍 brockar,2026-05-16 09:18:11
1b1cc8dd-181d-4d20-94c5-4fb82d3d6aa5,5,,best,2026-05-16 09:16:52
4aa84ca7-ba7e-4362-9d6d-e8f085ee1860,5,,very nice app,2026-05-16 09:12:35
b358adbf-df18-4fa5-884b-641e1c277031,5,,best app for trading 😍,2026-05-16 09:04:12
ab08e7ae-0692-4bcc-9a4d-8b241c4af77d,5,,thank 👍,2026-05-16 08:53:55
f5776673-f500-464e-b50f-a8bb4da5bca7,5,,very good service. request to give some tips,2026-05-16 08:47:15
dcb4c50f-bb61-4866-92e1-1f88607fed30,5,,nice,2026-05-16 08:31:48
f4af31fe-fae6-498a-b957-46d5cc08fe8c,5,,nice 👍,2026-05-16 08:25:25
d8006cef-4a44-4392-9cee-4369f903d069,5,,best app,2026-05-16 08:11:55
23ecd0b4-ba25-4bc9-9716-aca1f93c9740,5,,good apps,2026-05-16 08:01:35
40c28a46-5413-462b-999e-c51e57fd51ed,5,,very nice interface and easy to use,2026-05-16 07:52:19
681306df-0313-4811-b6b3-2d8e86baf473,5,,very bad signal,2026-05-16 07:42:24
b7584b8f-8e19-4e69-8858-737428d115ed,5,,best app to investment and trading 👌,2026-05-16 07:21:05
d6812569-61dc-47b3-8d33-524effe01682,5,,good app,2026-05-16 07:15:11
176ade86-d210-46c8-a1a7-77b4023e07ea,5,,this app is working great,2026-05-16 06:47:09
922f827d-0b5e-4147-99a1-b28d84d3f1f0,1,,not able to log in showing error-An Unexpected error Is.occured please try again...,2026-05-16 06:44:57
90ecf456-acdb-4076-8ffd-2b62920a00df,5,,Very Use full,2026-05-16 06:21:35
9f0dcd18-964c-45b2-b2bc-ceb9ca81223d,5,,very good,2026-05-16 06:15:11
7975c023-6201-4cfe-bcec-44b988f6d72b,5,,awesome interface,2026-05-16 06:10:46
c10478f1-b2b3-41ff-aae2-803b80983961,5,,हैप्पी,2026-05-16 05:44:57
7e007f72-6a9f-41f4-9293-eef0247e6970,5,,excellent,2026-05-16 03:18:16
0ce7f132-b7e3-4348-91ae-dd4f36995272,5,,good app for treading,2026-05-16 01:25:17
2c23b5be-a1f9-42ae-b55a-3cf10d6d4c68,4,,good,2026-05-16 00:49:29
a1b07a3c-a7ce-4491-8b30-1dc0b05e9d91,1,,Wrost app ever seen although I am using the same.....Maximum time there is manipulation in the app.Whenever market going up or down in your traded direction they updated the profit very slow n opposite to this loss updated with 10x speed.How it is possible dont know but I want to tell everyone they are not only platform for us....these all app have special benefits whenever maximum users are in loss......,2026-05-16 00:43:56
825736d1-8033-4e94-81d8-26b7d99ce508,5,,good,2026-05-16 00:24:39
002bd007-96c4-4d70-891c-6bb3b9226b61,5,,great 👍,2026-05-15 23:48:48
2159d780-4b0e-466b-93f7-808eb8bde5a9,5,,good and sahin molla i love vare march,2026-05-15 23:17:50
896e62c9-e41e-404a-a049-540cb2197273,5,,"Good , Fast and Easy to trade app , all in one place 👍🏻",2026-05-15 23:09:32
c963673d-c63f-4470-b820-f0e1ccebec0b,5,,bahut hi badhiya app Hai secure security saving bahut achcha hota Hai,2026-05-15 22:57:41
219769d5-001f-4fb6-a153-4afa02d7a491,5,,good and easy app,2026-05-15 22:20:21
bda80dce-a49b-4cac-903f-a7055f07b98d,5,,money 🤑,2026-05-15 21:11:51
ffab2a62-4a78-4676-99a2-e6708679ba56,1,,when we are paying this much brokerage to grow then grow should also be responsible for the trader facilities like kills switch option in option trading which protect their capital and stop over trading but only temporary pause which is not useful I am very much regretting to use this app,2026-05-15 21:07:09
7ac43e43-d7df-4930-9052-06e21109e2f4,1,,"don't trust portfolio, holding data , my actual portfolio is in loss but showing profitable. don't blindly buy or sell your stock , all value are mis calculated. groww developer team work on maths side",2026-05-15 21:04:13
5df85300-83b7-472c-a0ec-6cf06a6b7446,5,,very nice 👌,2026-05-15 20:49:40
89f1657f-d8c1-4a7b-8f4b-66dc82ab49f4,5,,nice,2026-05-15 20:41:23
3b1760d8-0602-4c99-a234-1095886e9e58,5,,"GROWW: THE WONDER BOX Very Simple but Excellent app for trading in stocks, MF etc Excellent user friendly and superfast UI. Buy, Sell orders executed in seconds with DDPI Caution shown during buy orders is highly helpful. We can get lot of information of a stock including overview, technicals, news/ latest news etc., Graphs including smaller graphs are guiding pathways, help us take informed decisions.",2026-05-15 20:12:56
95e37518-dc68-4fc2-aeb2-74db941d6b53,5,,nice 👍,2026-05-15 20:01:10
8eb9af40-cdee-47e3-9d43-b93d419d95af,5,,gud,2026-05-15 19:56:55
9edc4968-56cc-4db7-9d58-3faa5e4c037b,5,,good,2026-05-15 19:55:22
974b2863-008d-4453-90ee-f143f8a567fb,5,,satisfied,2026-05-15 19:43:31
9d19ed48-f8ca-43ad-b26f-ed6383d60221,5,,Nice 🙂,2026-05-15 19:27:14
f63fc587-f99a-415a-af20-6028265398d0,5,,good,2026-05-15 19:20:25
a0621c94-11b1-4e61-b970-98a3c785ef69,5,,Good app,2026-05-15 19:05:54
a5b28fd2-3c50-4a7a-89ae-90fc3a4dca34,4,,Bring dual screen option in F&O in mobile scalper mode.,2026-05-15 18:35:26
701e4c31-92b6-4d74-9ab3-4a66354b30e6,5,,"grow is realy groww,",2026-05-15 18:33:45
c94bfffb-fd36-4c71-8afa-27992ced968c,5,,great learning pllaatformm,2026-05-15 18:31:35
7fbb3cf9-64b4-41a4-9b32-ee09a40cadde,5,,good,2026-05-15 18:23:00
551deb71-6384-4b30-8035-9315168f7d11,4,,fantastic very well information about Trade,2026-05-15 17:52:15
c84d9406-4ffa-4a1a-bed4-66800b9a744e,5,,Great service,2026-05-15 17:37:03
db020eaa-989d-495c-a342-20e6fc0d02b6,5,,good,2026-05-15 17:34:47
95d08ae7-a194-4bbe-aa90-67667a0dcc76,5,,best apps,2026-05-15 17:30:20
13c7c512-91e9-4b42-bc26-b187d06e4d7c,5,,super fast aplication easy to use,2026-05-15 17:22:44
be1a4776-8ab4-47b4-a1aa-40af7fb56b12,5,,Good,2026-05-15 17:19:03
68339ec2-74a1-458b-8053-70cb8568650f,4,,super,2026-05-15 17:03:03
9e26dc38-c9f8-4616-bb98-fe57a4fe4a80,5,,nice,2026-05-15 17:00:57
bb0e1f09-2afa-4d2c-bf4e-34cee7881f00,5,,this good,2026-05-15 16:19:34
93a09123-0f70-4fde-8c4c-e211fc325421,5,,Best,2026-05-15 16:18:12
0aed2731-9da9-491c-af47-15c2e27da725,5,,good,2026-05-15 16:12:07
b142e07a-925c-4ef4-a8f4-743cc5efc1f4,5,,it was an amazing app not only for investing but if we need any help it's cyber help center is quick to help his customer's,2026-05-15 15:55:06
95d07fc4-5b4c-41e7-8d1f-c26a57d2a247,5,,super appa,2026-05-15 15:50:23
302efec9-f743-41c6-b123-25bc3b71510b,5,,💯,2026-05-15 15:41:57
328ce60c-d048-44e9-b250-fcc279154f5b,5,,good,2026-05-15 15:41:55
f045493c-362f-4aad-afc7-c367780ecdd0,2,,"Interface is good, but entry point is manipulated by them in buying and selling never enter without mentioning exact price other wise app will give you whatever is worst possible entry point. Brokerage charges will bite. App lags a lot.",2026-05-15 15:40:11
4f2c029b-fc23-49cf-9c12-9a2ec3fa9e39,5,,very good 💯,2026-05-15 15:39:51
e384ef5a-96f8-47d6-8c82-ce1fac29cd79,1,,this app very slow not good for users,2026-05-15 15:36:10
258c987f-1276-47db-8812-d37508cfcd70,1,,this one of the best gambling app,2026-05-15 15:28:05
abf312a4-5d33-46f3-89bb-f78d02d609c8,5,,good,2026-05-15 15:04:51
9cb3de37-39f7-4508-b91b-47253d0c177d,5,,good,2026-05-15 15:03:38
3a072ec5-54eb-463b-9513-d473fbaa87ed,5,,superbbb,2026-05-15 14:54:42
e48ec24a-f5e2-43cb-95c6-837deb622fa8,5,,best app for trading,2026-05-15 14:53:20
643b1bf0-2331-4c5d-b252-b7c3f31c488b,5,,use easy,2026-05-15 14:43:37
3415d483-f702-4082-95f2-277a58c8712e,5,,good,2026-05-15 14:26:01
8ba7ac07-5d7e-4c50-a636-46b61c7cfbf9,5,,👍,2026-05-15 14:18:11
40967832-3aa9-4a51-b4ce-4839abddea66,5,,good,2026-05-15 14:11:41
2008f957-da2c-4a92-9bdb-5d3dcee57bd5,5,,Excellent,2026-05-15 13:56:46
c7f65395-4935-41e0-8bdc-12c1efd64e2c,5,,best trading app ever used,2026-05-15 13:51:23
42a09a3a-5d3e-4bad-be12-2e3400da3147,2,,This app is good for mutual funds but very bad for stocks. Grow app charges Rs 400 for a profit of Rs 500. The most costlly grow app for stock.,2026-05-15 13:27:57
207f5043-b87e-4614-b795-472eb254390a,4,,I am proud of you.,2026-05-15 13:26:48
7a4e8314-05be-46c5-bf98-240a87501735,1,,trust issue,2026-05-15 13:17:38
792bb748-8fa9-46e7-b2fc-41ba91e06804,5,,good 👍,2026-05-15 13:15:04
ab21c4f2-cb68-4a16-8218-ee29fbd42fa7,5,,good 👍,2026-05-15 13:01:17
4844eb49-0b88-4a84-b28d-ca2ec627e60f,5,,good,2026-05-15 12:51:17
60e00bda-b543-4a5a-84de-e64bee75018f,5,,Session expires is coming on my grow account due to which i have suffered financial loss today please tell me what to do,2026-05-15 12:44:15
d99ad038-fbad-4ae3-9df6-fca341c66fc7,5,,good,2026-05-15 12:44:06
e91c9ad2-e1fc-41e0-911a-a9b27353ed98,5,,easy good,2026-05-15 12:40:14
e81c54eb-6616-47b9-b1f8-6bd8c6eaa27a,5,,good,2026-05-15 12:37:58
980e5fad-75ab-4a14-8dcf-a28536d287cc,5,,very good,2026-05-15 12:36:00
38aff851-2d3b-4aba-a63f-e1667ce311e8,5,,"Money is 100% safe, Deposit & Withdrawal process are very fast",2026-05-15 12:33:11
54e9b996-09ad-4650-9b1e-f9224c650cfa,1,,facing so many glitch while trading resolve it,2026-05-15 12:29:44
1c2ead1f-5887-4388-9b6d-a58afbe34de1,1,,poor,2026-05-15 12:27:52
099480e6-38dc-46a9-8c76-79edb026f8fc,5,,nice app,2026-05-15 12:24:54
7388eb0f-1b85-4e13-afc4-d8954b0a3541,5,,good experience,2026-05-15 12:22:02
67ea69e5-1a96-4b83-b400-9d12cb58c98b,2,,alert option not working in both android and ios,2026-05-15 12:16:03
da9d678c-e1f1-4e55-bd7e-fd4d6f1765f4,5,,😊,2026-05-15 12:14:52
83a2d4e2-bafc-4ac9-ae26-6af7a10ea2c5,5,,v good,2026-05-15 12:12:10
8e521559-023b-4dcd-8f03-2d4b47ea4c3d,5,,Fantastic,2026-05-15 12:07:44
bb433ca4-a57e-4557-a2a5-24f9a65af94f,5,,great,2026-05-15 11:56:00
76fb5d43-5c0c-4051-aed3-dfee92e93cba,5,,good working 😃,2026-05-15 11:50:58
32dcebc6-ef20-4a5d-bfb4-3634c077ed7c,5,,Bahut badhiya he Groww aaps,2026-05-15 11:47:06
b79691a1-539d-4c45-958c-7df28c619c55,5,,super,2026-05-15 11:32:39
d3bd0aee-22df-4066-bf1d-0a43dce5beec,1,,"all is well but as I am trader as big name in India the application is not allowing much chart indicator. as trading there are very low category CHARTING available. NAM BADE DARSHAN CHOTE. advice to improve the quality of charting very very less and low quality charting available on this application. as compared other applications are giving good charting facility.FULLY NOT FOR INTRADAY TRADING 🥵🥵🥵🥵🥵🥵😡😡😡😡,very very bad polycies as other. unexperienced people on customer care just 🔥",2026-05-15 11:30:57
b7078670-5657-43c9-ab29-1916056ffbe1,4,,good,2026-05-15 11:30:42
d8d376c6-2067-4f3e-8161-b6de07ffc328,5,,good and best app,2026-05-15 11:27:30
3e1e6c5d-c946-4f81-bca9-1b9c5fea1140,5,,best app,2026-05-15 11:21:52
928b043d-89d3-45c5-a601-676b4fcb02b4,5,,please sir ismein quarterly half yearly or yearly time frame bhi add Karen,2026-05-15 11:17:17
ddc0db59-1106-4611-bbc9-3091c646c842,5,,good 😊,2026-05-15 11:07:24
ee658164-fad5-425e-9941-ccf89bd175a2,3,,Kuldeep Kumar good,2026-05-15 11:03:39
61f62e3e-65f3-4f9d-94ed-7e84a83ad3d7,5,,mast એપ્લિકેશન hai,2026-05-15 11:03:27
5b492539-359b-497f-85b2-902a027a292f,5,,super,2026-05-15 10:50:05
93afe996-0a94-40a6-9056-d39f6f47296a,5,,nice,2026-05-15 10:48:03
55e8ea31-c235-4a79-9239-322baa1a3bcc,4,,User friendly Ui,2026-05-15 10:44:25
64953d5a-0f40-4716-9e87-4dde1386a10e,5,,👍👍,2026-05-15 10:41:02
f2309eac-c1c1-4ca7-b5ea-bcf9bf236d03,5,,good 😊,2026-05-15 10:39:24
da84be8e-4b54-4cbd-b65a-908b2002a0f8,5,,customer support bahut badhiya hai jab bhi call karni hai message karne per jawab milta hai thank you groww,2026-05-15 10:38:48
bff98187-c43a-497a-908a-bbb37019604f,5,,owsum,2026-05-15 10:32:30
6b6131a9-e4ed-499c-af40-ce2e3b344e52,5,,"good,",2026-05-15 10:31:30
ca3ef89c-d581-428f-8306-85c0681f3552,5,,excellent,2026-05-15 10:25:17
a147e471-acd4-4df1-9fa7-d1cc2104c50e,5,,good 👍,2026-05-15 10:24:32
e23c5284-d0de-4612-96b6-941f925d591d,4,,nice,2026-05-15 10:21:53
975532e8-9deb-485e-a63b-dc50b52aea3d,5,,nice application,2026-05-15 10:21:41
1cbb0fa3-39db-42a1-b3d2-079e94b067cf,5,,good,2026-05-15 10:09:20
d98d9aad-f074-41ff-98f7-956042ed1d08,5,,excellent,2026-05-15 10:05:40
87cf88fd-4d6c-452e-8ff4-72eb3fb359f3,4,,பெஸ்ட்,2026-05-15 10:03:25
5bf5a1b0-8e67-4d39-85d2-fc5beb029dd3,5,,best service,2026-05-15 10:00:14
20792f15-b200-4766-8c64-59fdf2e15ab8,5,,very good,2026-05-15 09:58:20
817b0a17-c013-4339-be06-52da5c94ba52,5,,good,2026-05-15 09:56:26
8aba3a78-d49c-41a6-aa8e-853424cac163,5,,Good 👍,2026-05-15 09:56:10
cb38e7ec-dc09-4dd5-be0b-5ecba465caf3,5,,"very nice, very simple",2026-05-15 09:49:58
7f12ef00-d6cd-414e-8001-89ec7b2b4860,5,,super,2026-05-15 09:40:36
84449bf3-07bd-44ce-a435-3b37e31a9ec6,5,,lovely,2026-05-15 09:39:20
a39e52ea-2357-47f0-a97d-b183f79b7af9,1,,paise fastat naka downlod karu chupe tax khup aahet balance achanak negetiv hoto tumhala vatate ki aapan shear ghetla aani panto demat la yetch nahi aani vikaycha tar vishaych nahi ha app new trader che paise khanyasathi aahe aapan 500 1000 ghele tar gele kute chakra maru mhanun sodun deto pan he asse 500 1000 wale new trader hajaro chya sankhet aahet mag amaunt cha vichar kara,2026-05-15 09:36:32
db59bc44-2388-47aa-b016-72d4361d5b96,5,,good,2026-05-15 09:35:26
d9a73904-951f-4d9a-a8a1-6bf6c121cd6b,3,,good,2026-05-15 09:32:52
060fb837-8e17-4211-b549-dde32954471d,5,,Good app market,2026-05-15 09:31:52
98604995-6fbd-435d-b7b4-87c2b1885ead,5,,best app for beginner easy to use and understand,2026-05-15 09:27:23
4c143ea4-8510-4d04-81c0-e5703bcc3d6a,4,,❤️,2026-05-15 09:26:14
e1853b60-d855-48c7-a593-168b098888a3,5,,best,2026-05-15 09:22:22
2d21dc5c-e919-4725-b583-2128172c93b6,4,,Excellent performance 💯,2026-05-15 09:17:22
726b855d-0061-4682-a69d-15dc8d9fd60c,5,,Easy and secure,2026-05-15 09:16:54
253c8bd9-9534-4fe6-a650-4d40e0dc6750,4,,good,2026-05-15 09:16:05
0703bfa2-e16c-447b-b98e-7125f9b15888,5,,very easy and user friendly app,2026-05-15 09:13:33
8361a057-f874-4350-a7f9-ec8ed483f424,4,,👍,2026-05-15 09:05:07
5daad23c-66bd-4aac-8225-5b96e0ef0779,5,,best app,2026-05-15 08:55:56
fe2f03c3-c79b-4469-a369-3168ad1f1b3a,5,,Good App and Service,2026-05-15 08:51:01
2891d8b5-86c1-4433-a045-d5b2855afeaa,5,,nice,2026-05-15 08:43:52
e43171ce-62c5-4a10-b7c9-b39d0edf99b5,5,,good and quick sattlement,2026-05-15 08:41:27
1d127e13-3907-49b1-9a15-8762e237917e,5,,is to fast but more charge,2026-05-15 08:28:25
604b115d-638b-4d06-885e-f264fe6f93d6,4,,good app for biggeners,2026-05-15 08:23:21
9d172ad8-6eb8-4067-b032-e106b69e9449,5,,sabse aasan aur sabse best app,2026-05-15 08:22:40
2cf6abde-8e31-461d-aaf4-d3b21878bd8a,5,,very nice,2026-05-15 08:06:05
8f547c05-9a23-4c85-8b48-586fc8545db3,5,,best,2026-05-15 07:55:40
4cf18960-8dd3-43d7-8a20-0df9c8667b78,5,,fantastic,2026-05-15 07:48:11
e02f9fbc-4792-4dc0-bb59-9639a8d8a764,5,,great,2026-05-15 07:45:03
375135f8-7a81-40b8-89fe-c671469856a0,5,,great app for beginners,2026-05-15 07:44:01
cdded25f-49f8-4432-82ed-2bc808f4a684,5,,very good,2026-05-15 07:37:12
3de540e6-077a-4905-83b0-ac01f92e7ffd,1,,they said brokerage is maximum 20 but it is charging around 50,2026-05-15 07:34:58
39ceb324-dcaf-4d4b-a56e-e23a5343c450,2,,please include a feature to show the dividend dashboard earned lifetime stock wise.,2026-05-15 07:31:41
3c9cec5b-8bc3-47d9-8891-2cb629e29d88,5,,good very good,2026-05-15 07:28:25
65748ca8-c5e7-41cd-b122-065a953dc7a5,5,,good,2026-05-15 07:23:13
39ec04ec-2eb5-4c0f-90e3-e503d8bf5517,5,,supper 😋,2026-05-15 07:17:46
b0be7597-40e5-478a-8287-6664af3f1490,1,,"Customer service is total waste. For the first time I called customer care, the support executive was not able to resolve the issue or rather I would say was not inclined to listen the query and resolve the issue. Also, very unprofessional tone. Didn't knew the process, also not ready to share details. Now the Groww is nunber ine broker in India. But if this sort of support continues, it's bound to go downhill from here. Totally disappointed.",2026-05-15 07:13:11
ca8e1e33-e93a-4aa3-9962-824cac006477,5,,Nice app,2026-05-15 07:04:59
3d11a00c-4131-4b7c-8a7a-6c86ec3c5191,4,,service best hai par brokerage jyada h,2026-05-15 07:02:30
57ee53cc-d372-4e99-ba8b-ddd01cc6b6cf,5,,very good,2026-05-15 06:52:46
0b22f35d-509a-45e5-8c72-f1dc502056ee,3,,brokerage charges too high😭,2026-05-15 06:32:18
7089e10d-9481-4516-9528-93d609a8f1d6,5,,smooth access and more informative,2026-05-15 06:31:39
33f57d19-1dc4-4fd6-b731-e19bb9590507,5,,super 👍,2026-05-15 06:22:30
a14e980b-f6e4-421a-9b5e-d0be34f77f4b,5,,very good,2026-05-15 06:17:51
ace5a8b2-af12-4c2c-875d-f91a5ff26499,5,,super,2026-05-15 06:17:48
160e6ed4-64bb-4ca0-9c03-fcaf44773979,5,,Good,2026-05-15 05:43:35
813db86a-1a33-44d4-ba9a-b4a371d2838e,3,,ok,2026-05-15 05:12:15
1a7a7b13-8c62-4e38-9663-291970e6d868,5,,very good,2026-05-15 05:08:50
a1f35432-990e-467e-b135-b126b74e2ee9,5,,nice app ☺️👍🏻,2026-05-15 04:13:28
9711419c-dd00-4191-bf69-534fa96f2577,5,,perfect for me,2026-05-15 01:08:45
0cb83fbc-71bf-4ccc-8da2-2e42ebc0d0e4,5,,"One small Feedback if you can add All time High NAV, 52 week High & Low NAV to all the Mutual Funds it would be great.",2026-05-15 01:03:15
e4bb47ad-08ba-4461-aeff-5e38272e4ecc,5,,good,2026-05-15 00:36:00
a70db93e-03b3-4c8f-afd3-74b61a124b8c,3,,nice,2026-05-15 00:21:18
a5de1ca9-4e4c-4d77-a615-aae81132b5eb,5,,good,2026-05-15 00:19:27
ac4bf579-3317-4fb7-9c5f-b8cc0d01ac5f,5,,nice service pk pk pi,2026-05-15 00:15:19
f9efd763-e9e5-4dcf-a20c-5a3d371d5bfc,5,,very good,2026-05-15 00:04:30
280fffcb-d6bf-40ab-91c4-a1a0199a6e29,5,,nice,2026-05-14 23:41:26
02e78e94-62bf-4484-9668-a73252e6fe67,5,,Cool 😎,2026-05-14 23:03:08
89f85788-ed12-4a99-ad12-5ba08559e8bc,5,,good,2026-05-14 22:55:12
be22e86c-b3a4-409f-8f66-fafe33b6bfe4,5,,good 👍,2026-05-14 22:46:42
7f3ef12b-5844-4c4f-b997-0fad85d3fbfa,2,,I would be pleased by adding Trail jump in option Trading as seen in some other platform.. i miss trail jump in groww.,2026-05-14 22:44:59
967aa654-26ce-4e97-80ae-b7c342789b3f,1,,My purchased Stock sells without my concern after 3:20 PM . And charges cut higher than usual earlier.,2026-05-14 22:38:27
d13aa20a-4944-48fc-86f6-2cde10d63fa6,5,,reLly it is a good app for investment and sip and it Is a real life broker,2026-05-14 22:38:10
33e6d70e-4edd-4051-a38f-1a9bcf56259c,5,,good 👍,2026-05-14 22:23:35
86224c86-b631-48c0-8b94-6845e00e32b8,5,,on koro,2026-05-14 22:11:59
aad62fb1-3171-452d-9c34-f183f8871f7e,2,,i using it for around 2 month's and i invested on a cap fund it goes up and I got 549 but when I redeem it i goes down and down and I got only 525. what is happening. then i mind to deleted my account from this app.,2026-05-14 22:09:14
d917a527-e85b-41f2-b5ba-dac4698da1f0,5,,Best app for mf investment,2026-05-14 21:58:22
a708465f-845d-4aec-bbb2-234fec485e67,5,,Excellent and very convenient,2026-05-14 21:52:44
46a374f3-27d4-47b4-b17d-d9902f051431,5,,good 😊,2026-05-14 21:52:22
c371c5e0-a0d6-43e9-b743-8bd06834dec4,5,,nice,2026-05-14 21:33:25
ee56a731-3e1f-477b-a0e9-3199b90acb99,5,,Functional+ Non functional features are very smooth . UI very easy to use. Interactive application with updated info every hour.,2026-05-14 21:33:13
603cd454-7142-45d8-9755-3abce32445db,5,,Nice working app,2026-05-14 21:14:47
cb02e779-a185-4674-8459-dd6188b4a70c,1,,negetive rating. ZERO STAR.Bad experience. when am providing all the proof perfectly and when my 2 mutual fund has changed to my new bank account then why one of my mutual fund is not changing it.,2026-05-14 21:08:47
7695dfe5-6ceb-46de-be2b-82a2e4b5e60b,5,,amazing app and investing eco system,2026-05-14 21:03:20
b8954c50-90dd-4c82-8253-f11898025418,5,,good apps,2026-05-14 20:48:32
46912614-da04-425a-8ea4-d4544a599198,5,,nice,2026-05-14 20:35:02
6b0cb8f6-c5db-4fcb-a5c6-5c3bf3f91bcf,5,,nice,2026-05-14 20:33:34
ee1c2da1-99f2-42e5-ad57-c08b8f57c138,5,,very good survice.,2026-05-14 20:29:00
c2897796-cecd-4b95-90b5-a9f8e9d49d41,5,,very nice,2026-05-14 20:26:29
320abd96-7df3-4d7b-9347-8848d3ae77c2,1,,"If u have 1L capital and make 50K profit and withdraw 50K. Then your net tradable balance will be 1L. With withdrawalble balance 50K and Tradable (unsettled)50K. and if you incur loss of 90K and deposit the withdrawn balance again of 50K. Then your balance will be 60K. But to them that 50K is there father's property and they make people and SEBI fool, by using this scam and show there transaction history proof.Shameless scamsters. I've lodged complaint against u and next i am going to lodge FIR.",2026-05-14 20:21:17
4a0dcb6f-7f26-4874-abd3-ae5ee34f7ae4,5,,excellent,2026-05-14 20:08:42
8454ab8d-06da-4bf1-9600-ff3ca782243e,5,,ok,2026-05-14 20:07:53
c812994d-8e10-4a45-b3f3-29b3b9994cdd,5,,good 😊,2026-05-14 20:05:08
4bb63f7b-6414-4355-996a-54876fc413a0,4,,Best,2026-05-14 19:53:33
5e9c6e59-fd94-4a03-9f7f-984c346be5d9,5,,good,2026-05-14 19:52:03
9f2db9e9-990e-4f6e-8f6f-e7acd80b8707,5,,bhai ye bhut hi accha aap hai,2026-05-14 19:43:09
acecd77e-0de8-4124-80d5-babc2f16a7aa,5,,"all is good, but need a kill switch on future & option, control' over treding, need kill switch",2026-05-14 19:38:07
521bbaea-3cb2-452e-8cdf-bf7b8b787e1c,5,,nice apps,2026-05-14 19:26:09
95def2cf-9dd5-41d8-863b-e709eb161f26,5,,nice,2026-05-14 19:22:01
1af16cb9-3681-4809-b8ad-226e10021551,5,,Good 👍,2026-05-14 19:21:53
8e478d37-8eb4-4eb2-91f9-77fea733cd77,5,,so nice 👍👍,2026-05-14 19:04:51
0226362f-ca0a-4b87-b67b-10f862865edd,5,,nice,2026-05-14 18:56:49
2b6969a1-bad3-4596-9ca1-9f9eaad441fb,4,,good,2026-05-14 18:48:03
3cdd3900-a465-4072-be30-b6e214bc0dd5,5,,excellent,2026-05-14 18:31:00
f3efab45-6986-46cf-b1d1-b12557a130c0,4,,super,2026-05-14 18:07:54
a433d37a-63bf-407e-b4f6-3634b1215702,5,,good,2026-05-14 18:07:04
9c901166-a352-4dab-82e0-698c8cc0499f,5,,so good,2026-05-14 17:48:35
d4358f82-2e4f-407f-952d-c882d423a0f3,1,,Nahin chahie,2026-05-14 17:44:12
9bec7370-c7df-4b5a-8c7f-73922decfcce,5,,ok,2026-05-14 17:42:40
dedde7ca-fc36-466b-9c92-0256e2f9dada,5,,easy to use very good app,2026-05-14 17:28:54
3f72fd81-b46a-46b6-a491-c9ac230ad7c5,5,,good,2026-05-14 17:22:48
a7c33b12-ca9c-4c0f-b3ee-dc9bd39baf61,5,,The best app,2026-05-14 17:22:16
b699d5f5-ec00-45d9-8531-b7347d92154d,5,,bast realest hai application for my bast app really like,2026-05-14 17:14:32
5a143bd4-2111-49c3-8f13-a0bacc8b1c82,5,,very good,2026-05-14 17:13:52
f69fe5fe-9754-431c-89c6-5d2bca776d04,5,,good,2026-05-14 17:12:31
0240d2f9-4f1d-4018-a6cc-02005bc7c0bc,5,,user friendly,2026-05-14 16:57:00
0438e144-f1f5-4fdc-8540-44ccb6f1965c,5,,👍🏻,2026-05-14 16:49:42
f4338328-b404-4af9-998f-8a1c135d55f1,3,,very good,2026-05-14 16:42:59
277faa5f-9ad0-4080-afc9-49c80b46987e,1,,I got loss because of your app. glitch,2026-05-14 16:38:51
8378db6d-b864-4399-a738-9e4b9937ddfb,5,,great service providers.,2026-05-14 16:35:56
136ed47a-258d-46d4-9ec6-f221298afcc7,5,,nice job,2026-05-14 16:34:19
5ab40c0a-8ef4-4451-96aa-f7362398defb,5,,it's an useful app,2026-05-14 16:31:58
50d585b9-9963-480d-9492-9577156de697,5,,very nice,2026-05-14 16:28:14
0c311042-d9ea-4d56-ab48-c0e26f6c4793,1,,abe kitna charge lete ho. maine vedanta k only two quantity li intraday me ...just kitne charge lagte to... inhone 19 rp liya ..aise h kuch trade liy... second day check kiya to 150 rp.. charge jabke zerodha pe check kiya vo h charge utne quantity k liye pure trade k liye only 25 ro... nominal charge... ghatiya and fraud app .. horrible experience...stay away,2026-05-14 16:25:43
1f88e7a3-ef78-4327-abc4-5cf77a72c75b,5,,very good app . I am extremely happy,2026-05-14 16:24:58
247fa309-8f2b-482a-8513-5574b0b22134,5,,Good,2026-05-14 16:22:11
f91b6e37-c650-489d-886a-e83eedd94681,5,,very good,2026-05-14 16:15:57
bc87301a-3a25-492a-a1ea-17a2d2b1a5a6,5,,nice,2026-05-14 16:13:33
ebbbd892-998b-4be5-becb-d93ffc22527a,5,,good app for business,2026-05-14 16:05:43
c2c98c09-b8f0-4b54-99b8-6e908fe2ca2d,5,,best,2026-05-14 15:45:14
ce9d645e-71b1-4939-9134-1dfbcd6c8004,5,,good,2026-05-14 15:42:48
23d8f1ea-847f-4c84-980d-9110e4e2ff78,5,,excellent application 👍,2026-05-14 15:25:31
b9e35de1-4ae8-412a-8bac-dcb382d999bb,5,,easy interface app and good and easy to use. nice service help too,2026-05-14 15:25:23
c52e97cb-97ad-4ebc-b3e0-20bffb7172d3,5,,good,2026-05-14 15:14:31
b1310ac1-0621-45ec-a607-bf2e3285d18c,5,,Nice Sip,2026-05-14 15:08:16
0f633f70-e702-422e-b5b4-628c4a7b45ad,5,,good experience,2026-05-14 15:04:43
040a46b2-85e6-463f-8884-911152868efe,1,,don't take any from them .if you take you will die.mental harrasment from agent,2026-05-14 14:50:19
eec0619f-ce9b-42d0-bfb2-b0ffc5b45e70,5,,Nice Platform,2026-05-14 14:49:05
1f5c0a74-aaa8-4eae-97ce-61c215122cee,5,,Good,2026-05-14 14:48:34
94602b33-fc17-44fe-b28a-69353e9c5735,3,,ok👍,2026-05-14 14:47:34
3a06efbf-d595-4aa6-a40c-0f98a303d2d9,5,,nice. thanks. best for intraday trading .,2026-05-14 14:45:41
b2663fcd-7ab7-4cc0-887a-f4dbec624aee,1,,"glitch problem & commit big loss, charges Anyone can go into depression.",2026-05-14 14:39:10
c298e850-b8a2-4a5b-95b7-95ed3d1387b8,5,,supar,2026-05-14 14:33:47
d96fe26d-a19e-4261-9d34-dc274bfde498,5,,i guess it's best,2026-05-14 14:29:36
efd6e57b-22f3-4a50-8b7e-eaec603595d4,1,,Disgusting app not recommended.,2026-05-14 14:28:37
ab9b5e35-daf7-4cba-b1e7-05334803a682,1,,Maya Jal h ye,2026-05-14 14:27:35
bccd5f3e-72bd-4000-81f6-dd1b6d47650b,2,,too much takes fees for buys stocks,2026-05-14 14:24:05
4758c8e4-3301-40ae-bb3e-5986a30f0e0f,5,,very good experience to trade from this platform.,2026-05-14 14:17:45
079f3e0e-a106-44ff-a4cc-4b3b858cf708,5,,very good trading app,2026-05-14 14:16:25
f8843f9f-38ad-48d3-95ec-beeaadf769a4,5,,good,2026-05-14 14:13:40
daa56431-3a5a-4967-a803-2e2ce77cfe00,5,,good 👍,2026-05-14 14:10:33
8a16b346-74dc-46a5-975f-65dc7798bc67,5,,good,2026-05-14 14:00:36
10f59f96-187d-4af7-98ed-8322bd1d15ba,5,,Good,2026-05-14 13:54:56
e865ca84-2bfc-499a-a598-9d62abde8a94,4,,"very good, but sometimes hangs",2026-05-14 13:50:47
f42ab546-23ad-497e-a387-81147cf4a8bc,5,,great application 👍,2026-05-14 13:49:37
4e67ada8-5cd9-4ff9-b1f3-74f374bf650a,5,,easy operating,2026-05-14 13:31:54
16ba0cb8-607f-45c4-b016-96eaf0a0ad02,5,,osm,2026-05-14 13:27:50
07834d9b-1d3e-4df5-824f-206ecbbfd77c,5,,very good 👍 👏 👌 😀 ☺️ 🙌 👍,2026-05-14 13:19:19
fd7117a7-d7bc-4a92-bb2a-85af90672235,1,,ओन्ली झिरो,2026-05-14 13:11:37
ed570e1a-d46e-45d9-9097-fe946d4e951f,5,,good,2026-05-14 13:11:02
1b68cd8f-c9b1-48a8-bb1c-a34cddf797f6,2,,good aap but brokarage charges is so high,2026-05-14 13:10:15
2f95450b-c324-4f11-b4e6-8df3416a99e6,1,,very High and exorbitant charges,2026-05-14 13:09:05
b0d2f3ec-be22-48c9-8c96-7e71cb5bbe90,4,,excellent 👍,2026-05-14 13:06:25
9465ae3e-5790-4a83-9c9d-beb9f226450f,5,,This app is best for bigganer,2026-05-14 13:05:51
b55e87a5-363b-4f1f-9b68-175fdb325647,1,,thier brokrage is more than your profit please don't use it go for others,2026-05-14 13:01:10
52ce985d-d1d4-43d3-838b-227872b684ec,5,,fine but not clear regarding money deduction.,2026-05-14 12:58:16
6c5436d4-1fe7-4d52-bca1-9c163a7c3b5f,5,,good,2026-05-14 12:58:15
42d29818-71e3-4bf9-8807-833f80867519,5,,❤️‍🩹,2026-05-14 12:52:19
df1c177c-2032-4962-a514-19c0cc51e121,5,,awesome,2026-05-14 12:52:01
3e80e434-71c2-4e24-8cea-55c7ad28050b,5,,Good 👍,2026-05-14 12:49:01
9644d34b-6058-4065-945c-ed6774ba91db,4,,Good,2026-05-14 12:46:56
890744ed-d558-4ebe-9594-2f30139a35b5,5,,very good,2026-05-14 12:44:27
33aad1b1-f38c-4af7-add1-87f632a6a157,5,,excellent 👍,2026-05-14 12:37:19
a79dc969-be80-452b-97ab-1e80180f6a10,5,,ok,2026-05-14 12:34:11
3b95e3e1-0dda-48d1-820e-a529b2d51dff,4,,badhiya,2026-05-14 12:30:28
c6c6bda0-b768-47a4-b5d9-58c126fa937d,5,,super,2026-05-14 12:28:58
f93e757e-8285-4e14-9024-41e7c2a19da8,5,,👍😊 good,2026-05-14 12:26:44
b66c44ea-414a-495e-9e9b-3c10f2d1bfa0,5,,proo home,2026-05-14 12:24:38
86b767c2-f709-45ec-bb0c-5b853d8cb827,3,,Hi UPI TAB has disappeared from the last 2 days. is this the impact of app version update?,2026-05-14 12:20:10
5642923d-7dc6-4788-b995-73f2d3cb4d7e,5,,good,2026-05-14 12:18:15
d78fd045-98b2-4604-b61c-1ebde109c70f,5,,nice aap thanks groww aap,2026-05-14 12:12:20
dea56319-aa3e-4c9d-8913-129157f9dc81,5,,very nice application Fast and easy to use,2026-05-14 12:08:03
1b3fea08-1331-44b4-a7c3-a06a1d0e0c1f,5,,plz add crypto trading 🙂,2026-05-14 12:07:44
c1fb9b47-9e54-4217-8b8a-f9f85e56050d,5,,good experience,2026-05-14 12:02:19
09783fe0-4c72-4f99-a02d-6af0a0002e88,5,,good,2026-05-14 12:01:55
592ea7cf-b3e5-4bc3-ab42-00c6255290ca,1,,"Different data is showing on the MF website, and incorrect data is showing in the Groww application. Kindly sync your data with the MF website.",2026-05-14 12:00:39
114b5068-70e1-46cb-9ff7-0d515994afb3,5,,best trading app,2026-05-14 11:52:49
3b41a1d5-6ccc-4b0c-a5a9-c3e02ad4f644,5,,good,2026-05-14 11:52:40
15b852a9-b5b4-40da-adf4-5ff6cc17a3eb,5,,good,2026-05-14 11:39:09
52276cdd-c86e-4ff7-9a51-a796d8b8f771,1,,worst and over charging app,2026-05-14 11:35:10
cbedbd42-c7ea-4696-9240-03218d740117,5,,good app and free demat account,2026-05-14 11:18:15
3d16d999-79a8-451c-8018-2f440f121da7,5,,perfect grow with grow,2026-05-14 11:12:50
0d222faa-07fa-4a7f-92fa-9863a00da5a6,5,,good,2026-05-14 11:10:23
a10435d1-8e50-48aa-9ccc-50c370abe31c,5,,good aap,2026-05-14 11:08:01
d8f69bf1-e7a6-49db-81f0-b02f45e06f91,1,,Don't Install this app this big frod । I'm staying with my Comments this app is always Chit with Consumers like me i add my comments. to Care,2026-05-14 11:05:23
da0c9f39-f44e-4842-9159-a7a7d903a37c,5,,good,2026-05-14 10:57:00
298a858a-7541-4093-b6a8-1b6685b389f5,5,,Easy investment for this platform,2026-05-14 10:53:29
c19b10f2-046d-4b86-a989-748b801f6d9d,5,,good 👍😊,2026-05-14 10:51:17
bcb6bfa0-a4f8-4a11-a5aa-3958474c6bc9,5,,this app is best for treding I am use this app,2026-05-14 10:42:20
2de60a79-1ec2-4aa5-bad2-53cf5ebc3b46,5,,very very nice,2026-05-14 10:41:39
e4f87d20-82e1-4322-9a4a-367dc0109aa9,5,,very nice,2026-05-14 10:38:18
81795528-15b7-44ab-9142-dfc76655d021,1,,They are theft & Grow is growing only here because the charging is unbelievable!,2026-05-14 10:36:05
b4a2dc85-289d-41c6-bdcc-980a31caa53b,2,,ok ok,2026-05-14 10:29:31
9ed67aee-524e-4178-a3ad-0bbf33add0a0,1,,it's been more than a year raised multiple complaints about slow app loading in the morning and evening session but their development team unableto fix this bug,2026-05-14 10:23:09
cb4afe3b-411a-4c7d-b5a0-62775bd5c39d,5,,very good,2026-05-14 10:19:27
f141d92f-59e2-4c73-9178-10f3653b8a46,4,,Good experience of grow app,2026-05-14 10:17:06
19ead9b8-5a46-4811-8c31-9d2c8967f650,5,,good 💯,2026-05-14 10:04:14
0a80ed02-8d1e-4a8d-900c-c5a26fe67c1a,5,,very good app,2026-05-14 10:02:40
2fc51325-743d-4e55-9350-681dfa073425,5,,Trading keliye best platform hai but brokareg jayada jata hai vo ak nagetive point hai,2026-05-14 10:01:09
b1ade38a-5642-4ed2-b512-4f6a5e198310,5,,very nice,2026-05-14 09:54:26
d9916ce3-68a1-42e3-950e-7f2c8be5b22e,5,,is good,2026-05-14 09:50:12
4123ab36-8d86-461d-aac1-1012f573745b,1,,"Limit order execution is not proper. Not able to sell all quantity at a time at a predefined price, it sells quantity partially & brokerage charges exceed more than profit. This is the worst experience.",2026-05-14 09:39:00
9aa77e0c-f452-48b1-ae91-23a1e21f1c00,5,,☺️,2026-05-14 09:38:49
6cc6d95d-a861-47f3-aff3-d8b9c269c6d0,5,,i likiled groww app,2026-05-14 09:36:07
6a8a7a18-f4b0-4ed0-b77f-16e2734d1c42,5,,This app is so good .,2026-05-14 09:34:44
57da86c4-bede-4194-95de-aea8b0b1d985,5,,nice,2026-05-14 09:32:14
cd037466-4f65-4b65-b57c-5bae7b4c1670,5,,it's wow,2026-05-14 09:31:59
045f9586-c96d-4af6-9aff-5953ad047c2f,4,,good service,2026-05-14 09:27:01
e62ae408-b6ef-412b-bca8-7fd91c497aab,5,,best app for trading ❤️,2026-05-14 09:26:22
99702707-eaec-4677-a4ad-918d9ccff09c,3,,good,2026-05-14 09:25:06
19fb31db-4687-4a72-9a3f-493d6a155239,5,,good,2026-05-14 09:24:16
e17d77b2-f601-438c-8536-1894fb52466a,5,,Improved a lot.,2026-05-14 09:19:48
9eade62d-277e-40a9-91e5-e0e255638e54,5,,please fallow Grow app,2026-05-14 09:13:22
0a53b3a5-444e-4dca-b675-95025c9e528d,5,,nice ☺️,2026-05-14 09:10:54
ed0db8d5-037c-4eec-963f-f6a226d82638,5,,good,2026-05-14 09:09:32
9baa327b-bd14-47ad-9a35-9bd6ea652272,5,,good,2026-05-14 09:08:34
8f85c65a-4a7d-4b6d-8eae-74e095f1d38f,4,,grow very good morning 🌄,2026-05-14 09:06:50
bebf4df1-844d-4694-81d8-a3358e5e4068,5,,money grow karo mera,2026-05-14 09:06:22
88434469-d0db-4cd0-bafb-d31336b682bc,5,,Nice,2026-05-14 09:03:11
74d5db14-3e17-44e4-a4aa-53d945441a30,5,,good,2026-05-14 08:52:04
fda43bcd-9262-4efa-ab4e-c953acbcbcab,5,,Good,2026-05-14 08:51:20
a7d194ca-c00f-49ec-8b92-73ffb5c895e3,5,,it's great,2026-05-14 08:50:43
37b2cfde-2941-4a05-9439-973d8a78a879,4,,"all ok but, withdrawal was not coming in time",2026-05-14 08:29:04
37690c1b-7d35-44e6-8752-0fa7752348ed,5,,good Application And good Reply,2026-05-14 08:28:22
5385c19d-6dc1-4919-8459-5ee61f578a2f,5,,best,2026-05-14 08:17:07
0ca9eaa9-25f0-435a-9fd7-bdcbdef514c2,5,,excilent,2026-05-14 08:13:43
ea5c6310-79bc-481d-bf78-78aca6ccd6dd,5,,Excellent app using wonderful,2026-05-14 08:02:25
e5da5118-eb6a-4ba2-af83-377e606cb9ec,5,,good,2026-05-14 08:00:02
fdb181c2-e1d0-4b8c-955b-300424b38e41,5,,mast,2026-05-14 07:57:16
64152e1c-4204-4cdd-9298-e3dc94dc6d66,5,,Good.infact best,2026-05-14 07:56:15
ab0ebe77-37a7-4a64-8d5f-0b8c3d06d448,5,,nse,2026-05-14 07:49:53
31bdbef3-c047-4b59-89f6-970ee22551e7,5,,good,2026-05-14 07:45:58
5de25b2c-36a3-4f20-9b0b-bdffe6e456df,5,,best hai,2026-05-14 07:45:21
77cb4a54-9aeb-4d34-b62d-014f56e0d893,5,,very good App,2026-05-14 07:41:33
556d2fc8-686d-4950-b8f7-cc98ec42ba54,5,,good,2026-05-14 07:38:57
7e938d17-b958-48c6-bff5-276f20eff57c,5,,Groww is very easy to work,2026-05-14 07:14:00
29feaf48-fa0b-4f8a-a427-5092d36932c8,4,,Good trading app but charges very high😢,2026-05-14 07:12:29
a314d907-d6ec-4e4e-af42-4f7abd606bcb,4,,very nice,2026-05-14 07:04:33
517dc869-34a4-4390-bb3b-8779bd018041,5,,very good,2026-05-14 07:00:42
a04af37d-9130-403e-bf0b-9b51de6aa1c0,5,,very good experience,2026-05-14 06:38:23
4e8b41ff-db34-41d7-98d7-c2fdcd0088a5,1,,Very bad experience with Groww. The customer service is extremely poor and issues take too long to resolve. I have been waiting for a solution but keep getting delayed responses without proper updates. Very disappointing support experience.,2026-05-14 06:33:48
c800efed-5a95-4180-a99f-6b42c584451b,5,,Good app,2026-05-14 06:12:36
42ba589f-03e3-4990-acec-793ffed58322,5,,nice 👍,2026-05-14 06:04:54
592e156c-22b9-4321-bd92-bde8e6c7f809,5,,great work thanks 👍,2026-05-14 05:17:38
bbd40fd8-2b3a-41be-a7be-33db3d3fdcc3,5,,best app,2026-05-14 01:39:16
376c2ede-2d6c-4a1f-b01b-e4508f3083ec,5,,Better,2026-05-14 00:54:58
edd2e162-ab1e-4268-b00c-8c35ff22afae,1,,wrost app paise kha jayega not benefit,2026-05-14 00:42:32
3d04c401-645f-4376-bb15-c994db1de6ac,5,,Groww Growing all Indian life.,2026-05-14 00:15:40
55753d12-8bd8-474e-8811-1916ed7bf9be,3,,good,2026-05-13 23:43:28
ab225de9-b9f2-431f-9f07-108dd064ca41,5,,super,2026-05-13 23:38:37
0f253ccf-f6f7-47f9-9d09-ec165463cb41,5,,Best app for mutual fund and stock investments. You can track the performance of your mutual funds and stocks on a daily basis.,2026-05-13 22:57:32
e76f1157-7dd4-48a5-864f-f9ab2e6cd224,5,,best app,2026-05-13 22:49:29
93dc8f50-58df-4c41-af13-bcc2a1ac8ddf,5,,Very nice.... User friendly.....,2026-05-13 22:42:14
c0c31e69-f0ec-4a9a-b0d1-d341e4f7d62c,5,,good and trusted app.safely investments stocks and mutual funds.thank you groww app.,2026-05-13 22:24:51
4439cebc-3984-40bf-a78f-6f406ec60462,5,,a 1 app,2026-05-13 22:22:40
de701ae5-d240-4afc-a6bc-9a91779850d0,5,,Oooohhh.... SoOoo... SmOOoOtH.....❤️🎗️,2026-05-13 22:07:30
c7223961-7bfa-45e2-b95a-d5d58d18b846,5,,asume app,2026-05-13 21:55:02
6a5d77c1-22f3-4e14-becd-db2aa0732e5f,5,,"Groww is the best app for invest with life. All Systems Are Outstanding, So I Like It Always. Thanks 🌹",2026-05-13 21:51:54
2556fe82-78b9-4271-80b8-e75e463b0ca7,5,,grown is nice app,2026-05-13 21:46:22
29f11b76-94d9-4e00-b89a-a814da8acb19,5,,😋,2026-05-13 21:38:48
19faf9f5-5769-4a9d-a282-cb03ca93a427,5,,very good 👍 good working process,2026-05-13 21:25:58
bdeaa459-bd63-4e2b-bebf-dc07a77ec465,5,,excellent,2026-05-13 21:21:45
62832f3d-f433-4ba9-97a8-85c970e7d87a,1,,very very slow working,2026-05-13 21:20:47
9176d2fb-d13c-47cc-964e-8fc90a43e442,5,,friendly using,2026-05-13 21:14:24
35016101-ef83-4427-b2a3-ff72ca9be2b6,5,,love you,2026-05-13 21:10:20
75adde2c-43fa-4356-8623-e5c73082ef75,5,,good,2026-05-13 21:05:14
827da7f2-00fe-45a2-98fe-0ed4f7552c95,5,,very very good,2026-05-13 21:03:28
50190e57-8bea-4c4b-8556-0325981e0718,5,,nice,2026-05-13 20:46:20
dd5c7a65-8062-4858-a3a9-ffc3dc244095,5,,good,2026-05-13 20:44:28
2c7d33a0-d37b-4dc5-a1cb-e49e1a7a0d39,4,,good,2026-05-13 20:37:46
6cfe2a98-f95a-4674-90e4-5296efde79d5,5,,outstanding,2026-05-13 20:26:18
de28c536-f1b4-449c-9f6d-232e9d10e7ca,5,,I like this broker,2026-05-13 20:08:49
8b73e43e-ac98-4698-b254-6c677219cf7d,5,,Good,2026-05-13 20:01:21
c5ead50e-1e4b-4a3f-8dcf-7614508dcc84,5,,It's good app of stock market,2026-05-13 19:54:19
235e8953-a109-4173-b3f8-8fa2054504a5,1,,"other brokers give Daliye sip, weekly sip in Mutual fund...but groww do not provide",2026-05-13 19:49:57
e7e2fa52-433c-481b-ba87-eaf89850e8cd,5,,"Its streamlined onboarding process, advanced portfolio analytics, and real-time market insights significantly enhance the overall user experience for both novice and seasoned investors. Furthermore, the platform’s robust security architecture and transparent fee structure contribute to its credibility and widespread adoption among millennials and Gen Z investors. However, despite its operational excellence, occasional technical latency during periods of heightened market volatility and comparati",2026-05-13 19:07:29
045ffc3e-3f32-4229-8b04-b6d49cce846a,5,,ok,2026-05-13 18:54:45
452f2c31-d4b4-456b-923e-56c47fa092c9,3,,"Request Groww Team to add Trigger price in buying... Limit, Market is there.... please add trigger option in buying....",2026-05-13 18:50:05
5bdb7e09-e9ad-4a35-9388-f674c2c12003,5,,Kindly add manage beneficiary option in UPI Bank transfer module. I'm unable to delete the beneficiary. this would be very helpful to manage beneficiaries.,2026-05-13 18:45:16
3878a6b3-3e22-4976-a194-31ab8ec7bc8a,5,,esy to use,2026-05-13 18:07:41
db87fdee-6367-4266-be60-d841a10a68ae,5,,One of the most user-friendly app interface.,2026-05-13 18:00:52
b11948d3-835f-4b1a-92b1-97e9c4c7ca2e,5,,good,2026-05-13 17:36:54
f4cd529d-a49f-409b-b64d-b922d83254d3,5,,amazing and easy to use,2026-05-13 17:02:47
2cb8bfef-a7a4-4d89-af4a-012c3f9223be,5,,thank you,2026-05-13 16:56:54
e0d447b9-0dca-44cb-88ea-1291779d8647,5,,👍,2026-05-13 16:37:52
865f091a-4db2-472f-8eaf-9c1f523afee9,5,,nice 👍,2026-05-13 16:31:49
72ff18d6-fea1-4d9e-951e-3370172df34d,5,,working smoothly,2026-05-13 16:30:31
a697ef8f-d989-4387-a27d-8e6542444d5e,5,,best h,2026-05-13 16:19:47
8ebd0221-808c-4b4e-a1a8-ca8121a39fb1,1,,Bad user interface.,2026-05-13 16:00:30
58c60afb-5062-4378-8433-feeb0add6fa8,5,,very good,2026-05-13 15:29:06
bcc315cd-cc4f-4a6d-a9bb-fcd0b4d1774b,1,,so poor app i don't recognise,2026-05-13 15:25:44
0dbd19d1-db55-401f-9282-a8dd3b80c835,5,,grow aap is very good but charges is very high,2026-05-13 15:21:54
30fc1188-1dfd-41fe-b42d-463493c146d0,5,,soo good👍,2026-05-13 15:14:06
87aeecb3-7afd-4748-9a27-956c8233143f,5,,very good👍,2026-05-13 15:08:26
c2b2b84f-ade0-4f13-81be-4e74d12b8f8c,5,,easy to use and given time to time notification,2026-05-13 14:56:07
80ecfe89-3cb1-43a3-8f56-40b7e66c44f7,5,,v good,2026-05-13 14:52:51
b299b4e1-1df0-4544-9b48-7d15334bef57,5,,very good service,2026-05-13 14:47:47
d41eaa81-55c7-425e-be25-8c132d31975a,5,,good 👍,2026-05-13 14:46:29
50681eeb-ddca-4f42-bfa4-b92d4caeb278,4,,इसमें सब कुछ ठीक है लेकिन जब हम किसी फंड को स्विच करते हैं या फिर रिडीम करते हैं तो वहां पर स्लाइड तो रिडीम एंड स्लाइड तो कंफर्म आता है तो उसकी जगह बटन आना चाहिए जिससे कि आसानी से हम कार्य कर सकें कहने का अर्थ है अच्छे से उपयोग कर सकें उम्मीद है अगले अपडेट में यह ठीक हो जाएगा,2026-05-13 14:44:19
3bb2989d-368a-46ae-901b-2e03d41fc0bc,1,,this is not good features only buy and sells charge extra,2026-05-13 14:43:46
abf0fa6d-f7d0-4af8-a014-03c9f5eb974b,5,,it's very good,2026-05-13 14:43:34
e539c350-e5f4-4fc7-920f-cea6725b251d,5,,Nice,2026-05-13 14:20:04
b220ddcb-b179-476e-a943-fa018cc92184,5,,Good workings,2026-05-13 14:18:35
df220e8f-2ea9-48d3-99a9-1230bc22bbb6,5,,",👍",2026-05-13 14:11:55
a08a5ecc-073a-4715-b37c-3abed4d26960,5,,u built a beast like platform which simple and elegant ✨️,2026-05-13 14:11:03
ae27c02b-3b35-4280-a9f3-73a6be5448fd,5,,very good aap 🪴 Groww,2026-05-13 13:58:15
631b82de-76a7-4ff5-aea3-82e13eac6273,1,,"I chose Groww expecting transparent pricing, but my experience was the opposite. The final charges were much higher than anticipated, and I did not clearly understand the full cost before executing the trade. Platforms handling financial transactions should make all fees prominently visible before order confirmation.",2026-05-13 13:55:03
ac97d54e-9fa9-4673-aa0d-0f595cecf349,5,,best,2026-05-13 13:44:30
d29f10d3-b22c-4f29-acb7-330cd08de84b,5,,good,2026-05-13 13:39:38
ac2d9d8c-1ee1-4c54-b85e-fe723069842a,5,,not.good,2026-05-13 13:38:50
61c88491-1fa9-4ab1-a7f9-6e68187d259d,5,,User friendly Best App. need some more accuracy between 9am to 915am. other apps are showing the individual stocks price variations every second. but Groww shows after 9:07am or 9:15am .,2026-05-13 13:37:50
2cf918b1-8a15-4907-aab4-0d039b4765d3,5,,best,2026-05-13 13:27:08
4e086039-5f4f-4117-904b-15202409f5bf,5,,friendly user app,2026-05-13 13:12:32
b5b1d46f-9e48-462e-8bf6-196a14ff1cc6,5,,very good 👍,2026-05-13 13:02:43
c3b21575-5210-4531-9e1c-75b1041bf3e2,5,,mashallha,2026-05-13 13:01:04
6aa2bf5d-fef6-4b9b-a5c9-a67b6164a245,5,,very good,2026-05-13 12:50:01
7496aff8-22ba-4770-8457-39b1ee5f8b0f,5,,good,2026-05-13 12:48:57
323d28c3-6224-4e39-811e-265ba3c4cf60,5,,good app,2026-05-13 12:45:20
35a5587b-4cab-401b-b637-3a8afa8844a2,5,,good 👍,2026-05-13 12:43:44
3cc53a0c-a287-4ba7-aede-9a5a5a888f1c,5,,good,2026-05-13 12:40:25
b6c342f2-5d89-4385-8c14-6fa0a24fe610,5,,nice,2026-05-13 12:29:55
b4b6ae4a-6435-4c20-9efd-93084f5777ab,4,,good,2026-05-13 12:29:09
c51c7a49-a5bc-4145-aa2f-cf9cd70fc292,4,,Best,2026-05-13 12:28:19
b5ffedca-cdb1-41e2-808a-9c426b7249ab,2,,why the expens ration is higher than other platforms for the same mutual fund category?? on groww it is showing much higher than other platforms like indmoney....... please confirm,2026-05-13 12:23:14
de360c80-6249-4a0c-9708-505de0de7a05,5,,very easy for understanding in app,2026-05-13 12:18:53
a7164447-08e6-498e-9435-8b6dfb8137e5,5,,ok,2026-05-13 12:18:10
be29b7b0-eaab-4de8-8841-be524d126bc0,5,,groww app is a very easy to access. I started to invest in an ETF. 🥰,2026-05-13 12:13:22
be510806-6fc2-443b-bbb1-5753f4d13273,5,,good,2026-05-13 12:08:27
fbe5daad-2fb6-4579-8525-61671dba7cce,1,,very bkwass app don't use for trading so many brokerage and glitch don't use grow you can use delta exchange it's not promotion it's reality,2026-05-13 12:06:06
4bedfb89-d0c8-44cc-b3eb-79bde599f549,5,,fantastic,2026-05-13 11:56:57
2974f93c-1bd3-4336-a9f7-a9321366e1cb,5,,good 👍,2026-05-13 11:55:18
15f6fa30-ea2b-4517-86b6-b5feb532a72d,5,,Ease of doing and accessible Excellent service,2026-05-13 11:45:37
8bda0e44-232c-45e3-8512-babb19f6589b,1,,"i used it for upi. now that option is hidden , instead loan offer are shown .",2026-05-13 11:44:56
5d166668-8b0b-46ca-b436-230eca06553b,5,,🥳,2026-05-13 11:42:15
3bff6ed9-ead2-43a8-aeb9-ae9361c88e6d,5,,quick and secure app for trading,2026-05-13 11:36:46
3be7efe0-5b5c-49dc-9578-2af393a6d659,5,,nice 👍🙂,2026-05-13 11:36:21
4ada58be-69d5-4b98-be8e-b2266375bdbf,5,,Nice 👍,2026-05-13 11:35:59
4d435911-a3a5-4b4a-bc81-becd9e92f6d1,3,,"Thanks for the services....I want to add some suggestions which will made this app more reliable and easy for trading 1.Please add the trailing SL feature. 2.If possible , add both Index and CE/PE chart simultaneously on same screen in 1 tap trading. Hope these features will be added soon in upcoming updates.",2026-05-13 11:35:15
d7f9ed5b-ae7d-4cce-b35d-d7440e822b23,5,,excellent,2026-05-13 11:33:38
c428add8-bb02-4219-9771-af804f4d1f0b,5,,life time my best app and real,2026-05-13 11:31:47
093b0b4f-9da7-44f8-bdad-495f568fba17,1,,nice app,2026-05-13 11:30:45
0796982d-11a5-457c-9b7c-b311bb0a5893,4,,"Today I faced very bad experience, i suppose to sell my stock but grow was down for 6hours.... Really very bad experience....Today I will exit from Groww....Will go with Paytm.",2026-05-13 11:26:22
be474db9-ba2a-4c29-a646-7532f8af85d1,5,,vary best app,2026-05-13 11:23:31
9283370e-7756-4f44-959c-48ef0bc4c515,5,,good,2026-05-13 11:21:38
4c264896-22ce-4197-a44f-72ea1d35ae3d,2,,Expense ratio increases very high when stocks. or corrected so now use to buy in groww,2026-05-13 11:21:16
657542a2-4f53-4870-8db3-23b880f8d022,4,,nice one,2026-05-13 11:21:02
2a8b16a8-39d1-4f25-b55c-663495734df4,5,,nice,2026-05-13 11:07:04
1f602a99-4d9d-4873-bcaf-565a1a895a60,1,,"don't use it if you want your money to be safe..this app lags too much ,they charge High but app and it's customer support is pathetic..this app is not for traders you will lose your money if right time entry and exit will not work with app function",2026-05-13 11:02:15
bbe5da86-689f-4e07-99d4-9a29e11f6fd0,5,,"ग्रोव बहुत अच्छा इंवेस्टिंग और ट्रेडिंग प्लेटफॉर्म है , अच्छा काम कर रहा है ,",2026-05-13 10:59:04
424921f0-b97e-4eea-9d68-81caa8a07ccc,1,,"worst trading app while selling the stocks no charges have been seen 1st I try to verify for charges I was not able to see or purposely it not have been showed while 2nd time I click on sell the stock has been sell out I got the loss this unethical and the sell order details seen as 5rs brokerage 28rs as deposited charges seriously worst app. They hold your funds for 24 hours after a stock sale, and then another 24 hours when you try to withdraw to your bank. This is scam app",2026-05-13 10:58:41
8f0c876a-47b2-41fe-95ce-e44ac222798d,3,,good,2026-05-13 10:46:38
c88285c3-70c7-4d00-940f-0e24753cb809,5,,good,2026-05-13 10:44:13
1ebb75f7-e487-4d0d-87c1-509c1acadf83,5,,good,2026-05-13 10:42:42
ac4dcd79-6c49-445b-bb90-c72d4b80a414,4,,excellent,2026-05-13 10:42:05
3d7b799c-c240-48b6-8926-d246f622d450,5,,बहुत बढ़िया ऐप हैं,2026-05-13 10:35:57
46968200-87dd-49e8-8acf-da5c0f9aae21,5,,👌👌👌,2026-05-13 10:35:03
7483da22-5fd2-449d-a9f6-ac97f2cd178f,5,,good,2026-05-13 10:28:54
da58d977-d387-43ec-b049-a4637d650d65,5,,very good,2026-05-13 10:23:20
76cfef2e-6c49-4ba2-889c-2024551ca4ef,5,,mast,2026-05-13 10:22:39
e852813f-75e9-4673-af2f-8389ff5053c4,5,,One of the best apps to Support the budding or new investor who enters into the market for the first time. They have all the fundamentals you should know for investing at a very convenient place. Their charts show exactly what you want to see and provide you a crisp outline of data with events and News which are up to date to support your investment ideas. Overall i am having a wonderful experience in Grow and one more Fee is also comparatively low in the investor point of view.,2026-05-13 10:20:35
08b13540-eed8-411c-ab0d-56f1abdffa69,1,,very bad,2026-05-13 10:17:58
c68614d8-5f07-47f2-8668-e4b622a5c309,5,,good,2026-05-13 10:12:35
8118825c-51d8-42c1-a6f1-3d0fb4963b64,5,,very User friendly. Can rely on the data during the market hours for entry and exit. App is very convenient to do the research. All the required info in one place.,2026-05-13 10:11:39
9a2f49b7-cabf-4ef5-9090-518208237f8f,1,,super,2026-05-13 10:09:59
727c8932-d538-433b-a134-a8cb88f4a54d,3,,some time this app network issue,2026-05-13 10:06:59
c6bd700d-73ea-4c77-b9d6-0b1790e941f8,5,,excellent 👍,2026-05-13 10:04:27
1f86ee00-415b-4736-a980-75ef520a4268,5,,good,2026-05-13 10:03:59
4ad5a8ff-a627-4177-bb0e-4213f2e39f9f,3,,brokerage charges are too high,2026-05-13 10:02:58
c5e2e347-1a19-4536-8da4-6f657c11e76a,5,,good App,2026-05-13 10:02:34
cbd46747-9aa5-4408-a2e0-82e1a7cef2d0,5,,very nice app for investment,2026-05-13 10:02:09
7c7f949b-6341-4559-a12f-6556e014d3ad,5,,better,2026-05-13 09:59:49
c799da56-38fd-4150-a292-d86531ea3790,5,,good,2026-05-13 09:59:20
b1c92099-6dc4-4dac-a75c-85845e4340ea,5,,good service,2026-05-13 09:57:26
9fa069ef-2168-4fa6-be24-2488e553049e,5,,good,2026-05-13 09:56:54
7f8de727-ee4c-4761-99c0-934b125271fa,1,,"is the most horrible horrible company and mobile app. groww is deducted delay payment charges if you are not maintain the minimum balance in groww account this is the first brokerage house where minimum balance is mandatory to maintain every customer otherwise the penalty delay charges applicable which is increased month by month and you are liable to pay this is the policy of groww, USP of the groww",2026-05-13 09:55:03
75ba9f89-4dce-46d3-9558-0ed7312854f6,5,,good job,2026-05-13 09:53:04
b5575ec9-1585-4ab4-9bf9-728339ea6d26,5,,nice,2026-05-13 09:48:18
301f3da8-fd20-48d5-ba5a-6c994f53485a,4,,this app is Good,2026-05-13 09:48:18
3eea0fb4-b8bd-4aa0-a22f-ca6f5c2a2e8c,5,,all over good experience,2026-05-13 09:41:56
b6784cc5-9fa2-4521-9b6d-2b5160b70e73,5,,good,2026-05-13 09:41:51
e91692a8-adca-48d5-b695-86c1754d8900,5,,टॉप,2026-05-13 09:37:11
46cabea8-1a14-48f0-8ebe-f5d3cda68edb,4,,very good,2026-05-13 09:34:03
7df2a95d-a455-4cdc-8021-a61d53f1e57f,5,,excellent app work,2026-05-13 09:32:43
364e5581-7008-4f3d-8f3f-badeca2e8763,5,,nice ...easy to operate,2026-05-13 09:30:38
9d3efda8-2694-4b2a-8412-80d5fd388162,5,,very good 👍,2026-05-13 09:26:56
b12ce3c6-eb31-4965-bbb3-e9a7c1529e4c,5,,superb,2026-05-13 09:20:36
7ecc9cc6-f704-4750-99a4-818877e2b27b,5,,good,2026-05-13 09:20:02
91936baa-459b-4bea-ba8f-faba478e951d,4,,👍👍😊,2026-05-13 09:19:06
352ca9a8-56b4-4eb2-83eb-4fb07b50b75b,1,,"it's totally a scam to say either 20rs or 0.02% brokerage on commodity trade, (whichever is lower) additionally they say, minimum 20rs will be deducted in any condition even if trade amount is 1rs. then why don't you say directly flat 20rs brokerage on commodity trade it both these things means the same. I was really disappointed with this brokerage strategy. I'm shifting my portfolio to another brokerage... bye bye groww....",2026-05-13 09:18:58
0997ed2e-6365-4b44-a2b4-07368a50949e,5,,ok,2026-05-13 09:10:56
c78135de-2d0b-47fc-b6cc-3386856ed48d,2,,Groww customer support is a joke,2026-05-13 09:07:39
35e71f4f-886e-4a6a-9c03-134cbf2536b5,5,,showing best mutual fund,2026-05-13 09:02:51
743efe7c-3030-4a5b-84ef-5a7715d2a609,5,,"app is very good, currently market and stock news update, easy to use overall Good",2026-05-13 09:00:57
d0e0066d-cc55-4c10-96d1-38ceffe06c61,5,,good app,2026-05-13 09:00:44
2a9e3505-21d6-4e6a-8395-db84cfe422ef,5,,👍,2026-05-13 08:58:02
fcb9c259-80b2-4236-ad7d-a96d9169d6c2,5,,nice 👍,2026-05-13 08:57:38
93af3e49-8ab5-41dc-b3fb-b9eba09719d3,5,,"such a good platform for treading , but eventually it's very bad is the brokerage have so high amount of tax. that bad",2026-05-13 08:57:34
f72dbc28-9d82-4855-b473-822a73aabc86,3,,Kindly add Peg ratio in fundamental section,2026-05-13 08:56:30
4ca8ab78-26c7-4a4d-b274-8bbb9e5dca96,4,,not bad,2026-05-13 08:54:40
585743db-af81-4381-b015-392e5ee37b50,5,,friendly and quick app,2026-05-13 08:54:14
696efd9e-954f-4017-8734-ffd274a72d06,4,,Suggestion: If you can add (Avg. NAV / Current NAV) in the dashboard it will definitely be a good feature.,2026-05-13 08:50:47
c0469fc5-81b2-448e-bc5c-d18b3895346e,5,,best,2026-05-13 08:45:21
56468a4b-82fa-406e-bc2b-f97e94b25e27,5,,good Nice,2026-05-13 08:43:58
d28ae431-92f7-4982-83c8-0d804337c2db,5,,good,2026-05-13 08:38:09
7558bf60-e232-4aef-9d7e-4fd86e3c21d6,5,,excellent,2026-05-13 08:32:49
e1ec58b1-9702-422d-b6ef-1fa3c8b34c6a,4,,good,2026-05-13 08:27:38
4c9224e6-3c9e-4df3-b697-31587ebea026,5,,great app,2026-05-13 08:20:08
9365410f-8ee0-419a-bd0e-0fd4fe9dd96b,5,,👍,2026-05-13 08:19:52
8877ccb1-cf78-479a-b328-9e955145acdd,5,,nice platform,2026-05-13 08:18:27
1484db14-40dd-46d6-a602-9127e84dd71b,5,,super,2026-05-13 08:10:07
8b07b9ed-8b60-4579-9002-aae1aad22038,5,,User friendly platform hai.,2026-05-13 08:08:55
f3dc4611-807d-4173-b5f5-5878da7c86b7,4,,good,2026-05-13 08:07:23
2370ab12-461d-4554-8d5a-ba04f1faf14e,5,,groww app is user friendly,2026-05-13 08:04:10
4f0f3bef-79a8-4d60-a3da-f277115d143a,5,,groww service is better,2026-05-13 08:03:45
fe68098b-a113-4e8c-bcd2-609a3d823d08,5,,good work,2026-05-13 07:58:31
c4432e66-4601-447a-9a4b-8f12bf648dd7,5,,very good 👍😊,2026-05-13 07:56:45
4252bf5f-a24a-4b2b-8b4b-cb6192ce533e,5,,vary good Groww,2026-05-13 07:49:03
1cdfc2a7-33c9-42b8-995b-5fb593998d85,5,,good,2026-05-13 07:43:26
f3133b21-5520-4fae-9185-97434405a981,4,,good 👍,2026-05-13 07:26:59
aa642889-3176-43ca-b857-804f58d5fc82,5,,excellent work,2026-05-13 07:04:12
e52ef589-4cd5-4bd6-b89f-0a2dc00e19e6,4,,thanks for my help,2026-05-13 07:03:49
2f3020a4-93b4-4a47-9c3f-7154c77bf482,1,,Groww ka experience bahut disappointing raha. Customer support ko call karo to bahut der tak wait karna padta hai aur proper response bhi nahi milta. Charges bhi unnecessary lagte hain. Improvement needed.,2026-05-13 06:54:45
29df22e2-4340-4886-bf86-5c0c4276a814,5,,good,2026-05-13 06:28:13
f564fcc9-b4ae-4b1c-974a-bb7bf123c286,5,,good,2026-05-13 06:17:14
888c90a8-891b-4a79-9be0-fe479a0d247c,5,,"This app has helped a lot in my journey of investment, think of anything and it's a available, thanks to GROWW for presenting such a user friendly app.",2026-05-13 06:16:14
9e073262-5b10-41f4-b1d1-6cfb9b985bb6,5,,"The all time best broker I have ever used, 2 things of groww attracts me soo much, 1) 915 terminal for quick execution and smooth TP SL , 2) crystal clear user interface. keep shining 🌟",2026-05-13 06:14:17
e4750962-894f-4757-9c4f-8ac573bd7219,5,,good aap for investment,2026-05-13 06:05:10
ae99871f-98d8-46b3-a2e6-414090746a71,5,,good,2026-05-13 05:28:34
1303ca82-4032-409a-843d-2a06ded0da8d,5,,best,2026-05-13 05:25:54
dc06f87a-a1dc-47ca-b044-4ebbaf33a419,5,,good,2026-05-13 03:07:04
5ff7cda0-aa79-456c-a22e-312b51aa6190,5,,very nice,2026-05-13 01:57:12
7a7e013f-7566-486c-b856-6fa3dac31fbd,1,,Worst customer support ever. You guys should close this app if you are not able to provide any support. I have raised ticket 3 times without giving any resolution they have closed the ticket. WORST CUSTOMER SUPPORT EVER,2026-05-13 00:59:44
86e71209-3d6e-4c5c-93d2-b7f1cfcebd84,5,,good,2026-05-13 00:38:52
186edad5-ecf9-48ff-b2b3-4b7d2f6c1440,5,,nice,2026-05-13 00:12:57
30469a67-120f-408b-b397-2aedd6089f3e,4,,V good,2026-05-13 00:09:19
cdab0c43-bfcd-4957-89d6-1f1326324709,5,,Thanks for grow app,2026-05-13 00:08:46
6e5217d2-c366-4bdc-86d4-ada1d75f7ae7,5,,nice,2026-05-12 23:24:54
cbcc0a8c-faa5-4628-9d5c-350091332a9f,5,,Nice 👍,2026-05-12 23:08:04
f2a19463-f137-4087-b5d0-66d0ce51f3c9,5,,very good app for investing,2026-05-12 22:51:18
80229780-a220-4f6e-ab4d-ce28fe120a2f,1,,"in the segment of scalping and overall during the time of profit most of the time groww start buffering or not working at all, in my individual openion it not good at all for the scalper. if groww read my view they should try to do something better for there customer and it will be good for there industry also. Thank You",2026-05-12 22:41:02
5aaa86ba-45df-4094-a8c1-bd2d5dee3dbf,5,,bast app ha g,2026-05-12 22:21:40
d1a0c523-b97e-48ab-8dd0-403a76491dca,5,,good,2026-05-12 22:18:29
baa25342-456c-4863-bd51-1d446f386082,5,,nice and genuine app,2026-05-12 22:16:05
6d046580-e285-4331-a293-349fe43e1480,5,,good 👍,2026-05-12 22:12:06
5d7a798d-3222-478b-bd88-d65302ed7740,5,,The Best,2026-05-12 22:06:53
ee610e75-677c-46af-b5a8-2d78059a17d2,1,,Extremely poor support experience from Groww. Redemption processed bataya gaya but amount 30 days baad bhi credit nahi hua. Multiple follow-ups ke baad bhi issue unresolved hai.,2026-05-12 21:55:34
1e5a3b3f-afc6-4cf4-8086-80b89f780df1,1,,"WORST EXPERIENCE EVER. 6 days and my KYC is still pending. Your support team LIED to me on email - promised activation by 9 PM on 8th Oct 2026. It's 9:50 PM now, still blocked. I am losing money every day because I cannot start my SIP due to YOUR incompetence. This is financial harassment. Uninstalling and moving my entire portfolio to Zerodha. Never recommending Groww to anyone. SHAME.",2026-05-12 21:54:10
cf597823-5db6-446e-baf0-483037f754c6,4,,good,2026-05-12 21:50:03
74adcbbd-bd4e-4f24-a374-1209396f3357,5,,good,2026-05-12 21:39:10
4a33f91d-1c79-4323-b3ac-31ccb0040cb2,4,,Thik hai,2026-05-12 21:34:42
4d8a9f90-ce29-48b4-9fa4-fd8582e8c45f,4,,good,2026-05-12 21:27:12
c4b08953-8e74-4c85-97b0-e8ef1381b705,5,,very good app to invest money and the best part is that we can invest in small amounts too.,2026-05-12 21:24:37
e057c823-082a-47b2-a868-0f32f0b2b595,5,,good,2026-05-12 21:23:36
da424872-a5f1-4c08-84a9-1b3775da7296,5,,very good application for stock market,2026-05-12 21:15:59
ead9cf9b-11e5-4919-91db-cdfb8ff59d91,5,,very easy to Trade....,2026-05-12 21:15:43
b4413568-347d-42a3-af3b-fe96c0dd21ea,5,,good,2026-05-12 20:59:38
2158e91c-60d9-47ad-9079-cca7cf8424e0,4,,good 👍,2026-05-12 20:44:57
8c44833d-181c-4840-89ec-54fc863a9b1d,5,,Good,2026-05-12 20:41:00
9d432c41-a8a0-44d6-b7cb-6cbbbbd6062d,5,,👍,2026-05-12 20:39:11
aeaad813-d01f-498d-aa7c-d742dfe8e4e2,1,,"A big Cheater company. pls refer my example. I have sold one of stock in my holdings namely Azad engineering on 6th May 2026 at 3.28 PM. The price shown by Groww app was 2294 but when I checked my orders they made it sold at 2282. They are cheaters and having lots of technical issues. also very very very pathetic customer service support. also many a times app laggs , get stucked in market timings so u can not buy/sell many a times on crucial timings. a lots of technical, support , issues.",2026-05-12 19:53:39
cd88ea93-8055-4a76-a4dc-b2631ee22f51,5,,great 👍,2026-05-12 19:49:30
e330e3ca-60d8-482d-b480-072af6810cbb,5,,good,2026-05-12 19:37:17
69094fac-82a5-405a-ba56-2692c680a04e,5,,simple interface,2026-05-12 19:34:09
8f3e6d8c-9576-4055-b50b-af1323dd1def,5,,Good and excellent,2026-05-12 19:27:32
8a8f6401-e032-4899-a9fa-8ab3eb4f58e9,5,,good,2026-05-12 19:23:26
8e119854-3a6d-4762-8758-53ba39c82b2c,5,,groww services good,2026-05-12 18:50:16
53d01317-59c6-4a40-8ddb-24dcedb5fd00,5,,Good experience,2026-05-12 18:46:25
5750e94c-f5d0-4b26-af7b-94674eec2cef,5,,nice,2026-05-12 18:11:46
fbdaca4b-ca92-4b5c-bc36-650946081224,1,,unable to buy the children's mutual fund like sbi children's investment funds. please advise what should I do????.... please allow adding minor so that we can buy children's fund from this app,2026-05-12 18:09:38
0077a9ab-2582-459d-90e6-9a3f97d6272e,5,,"Please add Tagging feature in the MF section. This would ease one to tag the MFs on its purpose. Example: Studies, Retirement, Education etc",2026-05-12 17:45:00
e6652f33-7a11-4224-91b1-b69d90b01e67,4,,Good 😊,2026-05-12 17:42:52
607ab104-b648-4a2f-81c7-d27fcd0fc179,4,,please provide custom portfolio tracking in mutual funds section. It would be very useful.,2026-05-12 17:13:16
e58179b4-bf3d-48f3-af0b-546cfcd92e78,1,,not satisfied with the supervision,2026-05-12 17:12:11
53373cb7-10a7-43cc-be9a-250c31a8a67e,5,,very good,2026-05-12 16:58:16
f82a8a39-eda6-4736-bc97-f647e1d39323,1,,may account freez,2026-05-12 16:51:31
f7984070-2775-411e-9417-099a1b2ab0ba,5,,great,2026-05-12 16:19:47
9aea17c9-8015-48b2-89e8-c4d2ddb22266,5,,good,2026-05-12 16:05:47
c89b5947-247a-4c52-96bd-c8b11e424d13,5,,trusted app,2026-05-12 16:03:14
f830eef3-82f4-4494-8e8d-803ff2c1d9c6,4,,very good,2026-05-12 15:48:34
63f41295-ca45-4309-960d-587f4bd8c030,5,,Good,2026-05-12 15:39:46
3ed59c56-ccf6-4c1b-8481-337883b0300d,5,,excellent,2026-05-12 15:39:14
b9cddbf6-7a39-4230-9ad8-60fba4fc28cb,5,,good service,2026-05-12 15:36:32
3da649c7-cc71-498e-98c7-a1a6783ea0db,1,,worst app,2026-05-12 15:34:09
7e6cd35d-803c-4cfd-b622-ed7bf358c805,5,,nice,2026-05-12 15:33:31
03eede6f-c00b-43b0-8bdc-53c5c4d3e110,5,,good,2026-05-12 15:29:25
4df0066b-28df-4448-ad6f-40da28769902,5,,👍,2026-05-12 15:12:10
3766a9be-b07b-4ef2-a1d3-2c541cde11de,5,,very nice for me,2026-05-12 15:08:58
43dcfdef-df91-4d67-96ee-15474a965f87,5,,जब हम शेयर सर्च करते है तो साइड मे भाव नहीं आते कृपया वो फीचर और ऐड करे,2026-05-12 15:00:25
a0e560d1-83ab-4a2f-92e2-420402c170b7,3,,good,2026-05-12 14:58:19
e2312d5a-6c10-4c7d-a02f-4cdc2dddbc60,2,,"Real time agent help support not available, there an AI agent which ask every time for raise complain ticket, that's why emergency help not possible, secondly please add latest news section in NSE and BSE index se we can track the indicator",2026-05-12 14:55:24
1b92b4e2-4c4b-4993-b6b1-ec06b63b6d0a,5,,awseome platform,2026-05-12 14:49:26
df0d6685-231b-400c-a325-326164e5cc36,5,,"Very Good experience,,I have been use five years.",2026-05-12 14:49:18
3870f85b-296e-4f76-9a7a-990633445507,5,,super,2026-05-12 14:28:20
f798df1c-69d5-4e56-8ebf-f217a43be459,5,,easy to understand,2026-05-12 14:24:25
0df52116-dcd0-4c58-a490-520de7fc5b0b,5,,nice aap,2026-05-12 14:21:45
2cec45e6-f92b-4204-bd0e-a74698c47f79,2,,they take more money like service ect its good but charge more,2026-05-12 14:12:23
829633bd-1e8e-42dd-a6b2-0e4ce4663d71,5,,good,2026-05-12 14:03:42
5c86ac5b-cf3b-43c3-b8c6-0a9d15eaef98,4,,SUGGESTIONS add more filter showing current market price vs avg market price purchased,2026-05-12 14:01:56
03987a40-f42d-4194-b201-077b0b978f28,5,,ok,2026-05-12 13:55:36
93f6c515-d1dc-4a6f-b93e-e371ff90f89d,5,,mast app hai,2026-05-12 13:52:43
91337ab9-340e-4a8b-852a-96f34393a7d7,5,,best app for investment,2026-05-12 13:50:03
e1a31aa0-29ed-4ba5-a01d-782b58332648,5,,"Best app for the Investing in stocks, SIP, etc",2026-05-12 13:36:18
3ca14ae6-5fbb-486f-a148-eea2b8a81450,1,,froad app koi download nhi Karan hai,2026-05-12 13:23:06
689a870b-64d0-490b-86b9-c2f81917dac9,5,,👍,2026-05-12 13:22:28
90ec7182-9a32-45cc-8b27-ebb3f726faf5,5,,nice,2026-05-12 13:21:44
f760e413-a91e-4b00-8bdb-80bfd29edab5,5,,Very good groww aap,2026-05-12 13:16:55
df2ebce5-8540-4098-8821-08999411bae3,5,,supar,2026-05-12 13:13:20
9e83c826-0146-4ea8-8070-ce2578c4fd9d,5,,excellent,2026-05-12 13:12:17
298701d5-3123-4c6e-a916-656a119d143d,5,,awasome app,2026-05-12 13:01:24
6e960e9d-20c7-41de-9bf1-ee2dee9b0866,5,,best app for Indian traders,2026-05-12 12:56:45
3f5f5e71-88ff-4c70-a914-f2dfa8ee119a,5,,cool,2026-05-12 12:54:53
98f298f0-ce51-4c9d-8de5-6682b3d83589,5,,good,2026-05-12 12:47:10
2c062992-c0a0-48fa-ad63-66724d0affc0,5,,amazing app,2026-05-12 12:46:34
74c6f15d-bfe8-4fb3-807e-c3bac666bd64,5,,Best App,2026-05-12 12:44:59
0f5c4d34-5b78-40aa-a33e-1ce323ea123c,5,,groww app sach me bahut sahi hai,2026-05-12 12:37:51
b7acae54-60c0-4836-8995-d7761c46d665,5,,great app for investing!,2026-05-12 12:37:23
461d3278-5a71-4416-800d-4bbc3ace8305,5,,good,2026-05-12 12:36:59
f7a99a98-5a16-44d1-abf9-c765f43144db,5,,Good working 💯💸💸💰,2026-05-12 12:29:35
058a4ef0-9256-4b24-948b-917f212f99db,5,,good interface,2026-05-12 12:24:24
cdc91ffa-04e3-48a7-8f69-038c72eafce3,5,,overall good,2026-05-12 12:23:36
00613f94-6fe2-447e-b590-5312ac9c1dbc,4,,good,2026-05-12 12:21:27
deb3c112-5d06-43d0-b210-199fd4d4f4a0,5,,brokrage charges are very high,2026-05-12 12:15:41
c46f4b2e-894a-4d34-831f-e8dc3c6f9abf,5,,my experience is 👍 good,2026-05-12 12:12:51
96094c2b-637f-46b2-8d06-2ebf97549668,5,,good,2026-05-12 12:09:46
6e9674c2-bf62-450c-87d8-21cb452fb639,1,,too much hidden charges and very high brokrage even there is no any customer support for any payment and stock related issues,2026-05-12 12:07:00
20d8129f-42e6-4171-85a5-00b842e69c9a,1,,bad app no install new user exatra charge is app ko install kr ne se achaa to satta khel lo,2026-05-12 11:54:36
dfc04772-1a2f-49db-a1cb-e7259e4890d6,5,,very good,2026-05-12 11:47:51
15d4b730-a509-4a0a-b9bd-0b2464d3f1fb,5,,it is quite good and very useful in trading if looking to start ho ahead,2026-05-12 11:43:55
dbdafe2f-7662-45c9-99b8-eda03f5ac99a,1,,not good,2026-05-12 11:33:52
52f59a50-71ff-47be-b253-742c721acb12,5,,good,2026-05-12 11:33:09
54f806f9-da9d-4928-8a22-f2bbbc4daedd,5,,Very nice,2026-05-12 11:28:22
99e5c506-8927-4d6e-bb68-429840e8cf64,5,,nice 👍,2026-05-12 11:27:20
ccf5ec9d-21cd-487c-be11-e99ee7e3bdbe,5,,good app for grow,2026-05-12 11:17:52
c8f6e064-a544-4507-bb72-e92cc0918b15,4,,superb,2026-05-12 11:10:54
65b4e714-634a-432b-a1bb-af347f695f3b,4,,"Please add overchart SL and TG , this way trailing will be convenient. Thank you.",2026-05-12 11:10:34
f204ee4d-0f9c-4cca-848b-9a18c9177420,5,,nice,2026-05-12 11:10:05
8646873a-ad5b-4669-bdd7-cbdd0ab65225,5,,best in all segments,2026-05-12 11:08:50
898fb495-3bef-4268-b03a-7562e4e26121,5,,excellent work,2026-05-12 11:07:07
a7194846-6a0a-4575-beaf-3f069dd7d193,5,,Good,2026-05-12 11:03:09
f81a42fc-ad19-4922-9f98-25b5b33ad8c5,5,,good,2026-05-12 11:01:38
80dc2e66-130f-42aa-9a95-fcd2988f27c5,5,,good,2026-05-12 10:59:53
4c252a6c-9fef-4b08-9831-c8e2f76a420c,5,,good,2026-05-12 10:56:30
d63fd8b1-9f33-4b66-bbe7-af714c60ef0e,2,,app icon not showing on my tablet. I have to frequently open the playstore for open groww solve it please 🥺,2026-05-12 10:54:54
3a294620-0168-48d4-8a3e-fa17ded76a71,5,,good,2026-05-12 10:18:34
c025c181-e03a-4f97-8acd-15770ee3659d,1,,ye app itna ghatiya h isme aaj tk maine kisi ko profit me jate nahi dekha h,2026-05-12 10:17:51
a0cf1ab7-ff1d-4df6-97ea-84dde8f1fa69,1,,"Nothing in their app works, very bad user interface, no one in their customer support understands English. Zerodha is far better.",2026-05-12 10:16:39
1b06df3c-dd37-4a9d-8a4a-71356425a959,1,,No Best But Ase Wil might be Good But I Don't Know About This This Aap Understanding Level out of 10 I Represent 2😣,2026-05-12 10:15:14
6291d365-1c06-4ddf-9ddb-3e40ba2c286c,5,,fantastic,2026-05-12 10:15:01
cedbd4fd-7e9f-440a-ab2e-bd360ce1091a,5,,easy interface to understand the feature scalper is best among all feature,2026-05-12 10:14:20
7202d6f4-0d10-47d6-8aac-880539ee575c,5,,😊,2026-05-12 10:11:47
d480a01e-f206-454e-bbf4-d2dc32717300,5,,good,2026-05-12 09:48:27
188e334a-9afb-4a83-b08b-75a5e42e50e6,5,,excellent services,2026-05-12 09:42:19
fbda56ba-6684-4daf-8002-193f0357bcdf,5,,good,2026-05-12 09:40:28
02ee871e-598f-44dc-92e8-4cfe96efc08f,5,,Easy to understand and fast response to request,2026-05-12 09:33:29
515be2cd-13fa-41b3-a587-6a4078094787,5,,super,2026-05-12 09:30:47
ecd93a0f-2561-49a0-b551-619b34bd33aa,5,,best app sip karo best return dega goood app,2026-05-12 09:25:44
a2732c7c-aa59-44f8-977c-6c8da2c32e74,5,,Good Discount Broker. Easy to find relevant details and take an informed decision.,2026-05-12 09:23:27
dce529bd-a76b-4610-b94c-0752489c6fe4,5,,very nice 👍,2026-05-12 09:20:38
24d37474-cfc1-45e2-9a03-6d19e5bc614f,5,,👍,2026-05-12 09:18:26
2023c75d-33f1-48ce-ac57-44a7097f2cf9,5,,good 😊😊😊😊😊,2026-05-12 09:14:03
d936ead8-d53b-4963-80ee-98c984393b8d,5,,nice for startup,2026-05-12 09:10:31
0db46768-2b74-40e9-854a-e25d461fb5e7,5,,thank u,2026-05-12 09:07:32
5b3d1ad1-3b59-430e-8c6e-d7ed41304ea8,5,,nice profitable business app 👍🏻,2026-05-12 09:03:11
931f6f50-994b-4a5f-ad36-e2487587eeef,5,,good,2026-05-12 09:00:07
5891fc39-8f31-4f75-9d9e-b620b1c5ce4a,5,,prediction for holdings stock,2026-05-12 08:59:26
f270d94f-cb42-4d6f-9260-1a18c8ef86b0,5,,osam,2026-05-12 08:49:34
d8fb3804-158d-411b-9630-cc1319c09bc2,5,,good 👍,2026-05-12 08:48:14
d3a002e6-d0d9-4cf4-b0d4-67247ba93c55,5,,great,2026-05-12 08:48:11
15df1447-1235-4df3-837d-64021c404740,5,,bahut accha,2026-05-12 08:48:05
272bbe19-8118-4dd5-a7e1-932544173454,5,,nice application 👍,2026-05-12 08:47:16
8237a2b5-aeff-44fb-8bf0-5e9adf2d2db4,5,,acha platform for any trader,2026-05-12 08:47:14
63c7c84f-0e5b-45f1-a397-0c3091e0594b,3,,ok,2026-05-12 08:38:44
59e6d6e9-1079-4ec4-9387-e2bd6c4b87b3,5,,good,2026-05-12 08:37:24
8b305d3b-8d87-464f-8a90-73fe1e232359,5,,5 star rating,2026-05-12 08:26:19
2c7fecf0-2f00-4e84-83d3-737ea02657bf,5,,excellent,2026-05-12 08:22:38
3e0deafc-5d09-4930-8c32-14e7d54c6a2d,5,,very good,2026-05-12 08:20:08
d6d54e80-61ca-4540-b980-80c703bac7e3,5,,world best friendly and secure app,2026-05-12 08:06:44
4dafc2c2-f759-402e-b2a6-c255651b4b1e,5,,good,2026-05-12 08:06:16
5af10a36-cb34-4bb0-8842-cb6922ea29e8,5,,trust,2026-05-12 08:06:11
058d6424-71d4-4d31-92c8-6e886cda3ec8,5,,nice app,2026-05-12 08:01:53
818cc024-42b7-46ee-8248-168ef2124a4d,5,,very interesting app.,2026-05-12 08:00:57
17f32009-134e-4959-8de9-c1c22041a877,5,,star ⭐⭐⭐⭐⭐,2026-05-12 07:42:05
404096eb-0551-463d-bb3e-890f454b3b97,5,,in portfolio stock and mutual fund logo add,2026-05-12 07:11:59
dda1b509-0df2-45e8-bdec-3be5cba64979,4,,Very easy to use apart from some technical issues.,2026-05-12 07:11:14
25d17784-758a-477d-bc9c-b03d7785baae,5,,v good,2026-05-12 07:08:49
84c5de35-a311-4f13-80ec-0413d2eac79c,5,,very good app....user friendly and transparent,2026-05-12 06:57:27
e7d8663c-d121-45df-8dae-3cf82b4bbd71,5,,best app,2026-05-12 06:46:48
393241c8-c36d-4026-ae50-677181fdc121,5,,good sarvish,2026-05-12 06:37:28
7b108031-e894-493c-a68c-1d05c3605f40,5,,good app & I am also used this app,2026-05-12 06:21:43
1f923838-7ba1-476a-8d8d-9be637afe900,5,,best app,2026-05-12 06:03:17
322a29f4-700c-4f10-aaa3-1293a9e126c8,5,,nice,2026-05-12 06:02:00
9360bbcf-a8ea-40fa-b508-a7111b200076,4,,so gd,2026-05-12 05:34:24
c35c5a39-82e2-40ac-aa49-d84b87329aa1,5,,Best One,2026-05-12 04:43:23
95624fbe-ea59-47c8-94e1-5f858e366774,5,,good,2026-05-12 04:38:40
a3b15247-70c0-4d22-9bfe-7548519265a9,5,,very good,2026-05-12 04:02:29
cc94b3af-9dc9-4a7b-950a-75eba503b445,5,,good,2026-05-12 03:19:33
dfedd5a9-7c9a-467e-8f21-26a7bf91f3f3,5,,👍,2026-05-12 01:05:04
5ac22168-b800-4100-aa03-2b238955a10b,5,,mast he,2026-05-12 00:26:01
a0b0b600-e755-4ae7-87ba-c5d4b2eb34cd,4,,easy interface,2026-05-12 00:18:19
b4396db5-9d77-4e75-8a52-acaa1a0d717f,5,,tq groww,2026-05-12 00:14:40
59bd4677-1736-46a4-9db8-c65b5d97efe8,5,,good platform for investment,2026-05-12 00:06:32
8f851031-e623-4d7b-b418-684d5b05f746,1,,Please Give a old update for grow app interface to see nifty and sensex and bank nifty please we are missing it,2026-05-11 23:26:11
265385c0-4a7f-40fd-813a-e6ba778c4af8,5,,excellent,2026-05-11 22:41:59
70d483e8-2b5d-481d-a333-929be1050ff0,5,,happy 😊,2026-05-11 22:21:17
f03f75fa-289d-4b8c-85d4-93c66f3440f3,5,,nice,2026-05-11 22:03:07
5b134b11-3e7d-4f4d-8594-e4f98dc7cb9e,4,,good,2026-05-11 21:58:11
e168c53e-4d6e-49a3-9730-7ee2f3ddf7a8,4,,good,2026-05-11 21:56:55
394b5d04-84d0-47ff-aec3-cebb84d2574b,5,,very nice,2026-05-11 21:51:47
7f698761-c8c4-4705-8515-0733c44d43e6,5,,nice,2026-05-11 21:31:19
af782137-1315-439e-b56e-b1f2031f6962,5,,very good,2026-05-11 21:10:01
4554828a-a789-45b9-a4f7-2598b6019bca,5,,nice,2026-05-11 21:01:12
209aceb1-9fb3-4860-a557-d2c4f6502643,1,,Useless,2026-05-11 20:38:32
453cbe5d-f3c6-4a60-80aa-c59693d8a63b,5,,very nice breilant Top Excellant,2026-05-11 20:34:30
278bbce3-6e72-44a4-9bbd-3a09a4ac7ca1,3,,"grow app increase in Market because costumer demate account loot , fake report gift nifty current market news , I am also witnessed.don't open account from Grow. fake reporting. I given 0 star",2026-05-11 20:21:08
4119b9e3-41ca-4f2d-b10d-c85a9229576c,5,,nice one 👍,2026-05-11 20:21:05
d58cfa6a-3c6e-48c5-a60d-e7c56f7f4902,5,,excellent,2026-05-11 20:17:35
fb783c06-825a-4047-8c9a-41ace1cd0eed,5,,very nice 👌,2026-05-11 20:11:13
96d18121-5c78-4189-af13-6e914a85a0ac,5,,good,2026-05-11 19:34:13
c6f6c509-55d2-4d2a-bde1-6a0bc9ccd9e7,5,,well,2026-05-11 19:29:38
0fe5938e-3d2a-4199-9cdd-28c64493a3cf,5,,Best,2026-05-11 19:19:15
bcbaa330-3b25-401a-9de1-74f6efd00e67,5,,excellent app,2026-05-11 19:02:06
dab92060-22a4-4f78-b6e3-e3ef865ee4ae,4,,charges are little high,2026-05-11 19:01:53
f2c52d3b-a598-4cec-9775-6d5a536db91c,5,,good,2026-05-11 18:50:52
351b1cc4-58d4-46af-8162-86a006ef79b5,5,,Good 👍,2026-05-11 18:50:35
e36bacd7-ea1b-4035-afdd-75f3614ac93a,3,,I love this because it is very simple to use but one thing I didn't like about that I calculated my amount deposits and charges and also my losses and profit there was a difference I don't know how is that possible that the total was less around 2-3k,2026-05-11 18:17:17
f2348d44-b8b8-4ed5-a017-c6cee7364988,5,,best,2026-05-11 18:15:59
ee806d10-7dd7-4215-8a64-2f03a695185d,5,,nice,2026-05-11 18:11:24
d40c8b33-785b-49a4-8d29-6cc0c0f71937,5,,good,2026-05-11 18:10:47
263e11ce-cec0-4599-975b-89d23171f48f,5,,good 😊,2026-05-11 18:03:14
045865c5-4860-4e86-a002-bdb4f8175624,5,,good and easy to operate,2026-05-11 17:43:39
03394f80-a85b-47b8-a685-3fa6af33da00,5,,I like this app too much because it is best made and Easy to Buy and Sale of Shares and Mutual Fund Systematics made,2026-05-11 17:33:07
fefef1d6-0875-4491-b75a-d43a40beacc1,5,,good,2026-05-11 16:45:53
11554518-f9c5-4916-970f-b065bc4bc4e8,4,,good 👍,2026-05-11 16:43:38
9795baa6-7920-46dd-8a1d-2988fa2a2ea0,5,,very nice 👍,2026-05-11 16:33:28
233604f6-9ea4-4f9c-86af-01d9f1e7a136,5,,Too good for trading,2026-05-11 16:30:15
d50b60d4-1cb6-4e19-9768-6f0daa32f578,5,,exalent,2026-05-11 16:23:09
5cd51720-f0d9-42e2-86b5-70dd95f2e49d,5,,excellent plateform to invest,2026-05-11 15:50:55
9bd0e029-77ad-466f-9a85-e0eea510bd65,5,,Very good 👍,2026-05-11 15:40:15
f8719d0b-d705-474d-a976-3c98561af240,5,,Very easy to identify all the options and user friendly,2026-05-11 15:33:14
59966a27-6603-4d41-ae0e-ba8cd9986a85,5,,charges is very high,2026-05-11 15:24:58
78b389c0-b2a6-4aed-9434-b0ad90b5f895,5,,good,2026-05-11 15:24:12
89f5e082-ce7a-4e3b-b85c-6429f2ac7a2c,5,,best app,2026-05-11 15:17:30
1a49b614-82e7-4d52-9ae6-c16b0bc2a4c1,5,,সত্যি !অসাধারণ এপ্লিকেশন।,2026-05-11 15:09:55
b74b41b6-11a3-4b10-ad27-e04c6e81acaa,5,,ok,2026-05-11 14:54:11
d5d112c3-f43f-430b-b8fd-2a86e90329d5,5,,easy demate opening process.. easy to buy and sell,2026-05-11 14:45:27
86d728ff-d28c-44e8-aa9f-8fdc46d0b62d,5,,good work,2026-05-11 14:31:37
0ed0c165-84fe-47e3-a0f3-af2fde83efc0,1,,very difficult to redeem money too much time wasting and process is never ending not cool at all,2026-05-11 14:25:59
123fb17c-195b-4c7f-9d74-fbddd7124cca,5,,good,2026-05-11 14:23:36
002a6b37-98dc-465c-88a0-c82e8e994ed2,5,,super 😊,2026-05-11 14:02:47
c0b072f5-816b-4012-8f62-a61045c9a13b,5,,good 👍😊,2026-05-11 13:56:02
6e288d24-441c-4d7b-85cb-aff8b7348e88,5,,👍,2026-05-11 13:52:52
746c42f2-c6e1-4fc1-8e14-41deb31eb49a,4,,अच्छा,2026-05-11 13:40:21
618b9ff8-0d0b-4dc3-ad1e-e9c2774b982c,4,,Good,2026-05-11 13:39:18
69e813a1-81f2-481f-8aaa-ccaaec0f6ae0,5,,"Better one compared to Angel ,SHAREKHAN, BEYOND and UPSTOX",2026-05-11 13:29:06
06db3f89-2f35-493a-8e12-4419041454aa,5,,amazing experience,2026-05-11 13:24:24
2086b393-634b-4b20-8049-699abcb24c39,5,,Nice 👍👍👍👍👍,2026-05-11 13:20:40
f2619669-00a7-45c5-8660-d13bed63ad3b,4,,good,2026-05-11 13:10:18
b861e3e4-3f14-4f81-84d5-481bcfc21733,5,,good,2026-05-11 12:55:55
c475d544-891d-4e39-b6a7-0609a3e71844,5,,excellent,2026-05-11 12:46:42
9335a34a-edd3-4771-b72d-8db673559755,5,,cool,2026-05-11 12:45:10
c5b4876a-f572-4d07-a6d2-277a9197c01d,5,,very good aap,2026-05-11 12:29:38
88cda43c-edf0-4096-b8b4-20c817f09553,5,,excellent application,2026-05-11 12:28:36
23111964-0442-4492-b36b-2db18dafebc7,5,,good,2026-05-11 12:10:10
77a44246-00e6-4fb0-b5d0-a4eb21a332d3,1,,"So much change on intraday trading, almost zero profit, not satisfied",2026-05-11 12:01:03
08df1b5d-55c8-400d-a43d-d85740f2fcd1,5,,nice and easy app,2026-05-11 11:59:04
15c65dc7-90f5-4ba1-9585-e45c664c1649,1,,The fraud people raised requests to close the account permanently due to trading loss and addiction when i came after 1 month my account was still active,2026-05-11 11:51:21
3b01238c-04f8-46c1-8174-2c148b01a008,5,,👍🏻 app,2026-05-11 11:47:51
c567e9ae-c99f-4e8c-afec-4c797f45d116,1,,chart are not uploaded at the time always app stuck on market time . I will take legal action. because am paying you brokerage charges.,2026-05-11 11:47:24
aa132bb0-4c64-42c5-9cc2-bcd03746833a,4,,"Just a feedback,Bring EGR option asap and Can you show 1 month,1 year,3 year,5year, and all time graph of global indices . this is a feedback",2026-05-11 11:30:57
a466b6bc-8ac7-44ce-95ee-ce82921e8328,4,,good,2026-05-11 11:29:50
08bcd40e-f73a-4230-90a6-234575107547,5,,ok,2026-05-11 11:28:24
2ff84b08-5c53-4419-8abf-243197e99d96,4,,very nice,2026-05-11 11:19:26
aa8a00de-289b-4441-acf6-eaf92e4f36af,5,,good,2026-05-11 11:18:38
cd796dbf-8567-4fac-bd59-082abeccf163,5,,easy to used 😊,2026-05-11 11:14:42
99eb53c2-386c-4a28-bfde-7a72ea7ec5f3,5,,ok,2026-05-11 11:14:34
b5c516b7-cdf4-41b9-b581-4205de6bc6f0,5,,good work,2026-05-11 11:08:51
59882dcf-3051-4ffa-9d68-0e763707837b,5,,Exlent app,2026-05-11 11:07:02
3e736938-c5f2-441a-b928-4e8775b0077a,5,,good good 💯💯💯💯💯💯💯💯💯💯💯💯💯💯💯💯💯💯💯💯,2026-05-11 10:53:18
7690618f-8091-4ea1-9fd6-9a47501145f6,5,,excellent,2026-05-11 10:46:59
f87e580b-166e-4304-bc7e-d550a6f16a69,1,,"abhi ke lea ye third class platform hai coustomer care aur backhand team bilkul bakwas hai koi support nahi hai sirf golibaazi karte hai bazar me behetar vikalp mauzood hai like Dhan, Zerodha etc.",2026-05-11 10:43:27
e559afaa-b52d-4f54-b1b5-a0a465d3cdaf,3,,step up calculator Ad karo,2026-05-11 10:39:31
5930568d-c3e6-4c43-8c88-8c79baa5b3ba,5,,it is best,2026-05-11 10:37:21
849edf77-52e2-452a-9fab-5d7fcb44c208,5,,best,2026-05-11 10:34:39
def0e5e3-d613-4bf4-9257-d135919e656a,5,,I love groww,2026-05-11 10:30:54
27835185-f910-4705-8deb-b29decc92102,5,,Bast app,2026-05-11 10:30:31
6f18a3e4-4c66-451d-ba66-7fc247afd820,5,,Excellent,2026-05-11 10:16:51
912cba02-c14e-42b5-909b-f7a76216e9bd,3,,best,2026-05-11 10:14:30
1a1001ef-641e-4790-a6fd-14325c1a7e92,5,,thank groww stocks app for my treding garni,2026-05-11 10:11:56
5141118e-79f3-47c3-b2b4-9f3a9495f106,4,,over all app is good but some time chart or our portfolio holding not loaded,2026-05-11 10:06:38
85326832-9f90-467c-89b7-8f50c8b1c36c,5,,happy,2026-05-11 10:05:04
22d5b468-37bd-4f74-96e5-464617ba47fd,5,,It accurately reflects market fluctuations. This app is superior.,2026-05-11 10:01:22
0c443527-0358-4913-b9bf-114ebd8ecf0c,1,,one of the third class app when you need your money to withdraw,2026-05-11 09:59:03
bbf6fc52-b953-455e-b1f1-021110d5770e,5,,some time withdrawal process will be long time taken..,2026-05-11 09:58:59
52420ba0-e184-47c3-b618-a0f0bb6a0b56,1,,theres no timer showing and moment also in trading view mode and can't seeing Open position in the chart in trading view mode,2026-05-11 09:55:23
b58366b5-dff5-4877-af91-a5709eae136f,5,,okay,2026-05-11 09:53:58
3144a398-939f-4ea0-a1ad-5815a96705f5,5,,superb! I have no words,2026-05-11 09:53:12
3d474912-2973-4721-99d1-f1697291fc29,5,,"Very good user interface, all options in one platform.",2026-05-11 09:48:14
b5b07187-251e-4985-a088-13de3a36ea66,5,,Best platform,2026-05-11 09:42:39
98101649-6eba-416f-9b94-3fb92a3419f3,5,,its good,2026-05-11 09:38:01
97215d15-3faf-414c-a2e1-c8c426f208fa,4,,nice app,2026-05-11 09:31:09
5002f797-f6a5-4935-a72f-df5b9e14332a,5,,i am the bigginer in this sector (share market/ investing) thank you for making it simple and understandable its easy to use and do investments...!,2026-05-11 09:29:51
927084eb-cf7b-439b-a975-818d43a74c4e,5,,best,2026-05-11 09:23:06
200ab5e8-5497-438f-9604-200655f98495,5,,nice app,2026-05-11 09:22:27
eacf1f49-db5b-44d0-a01c-83c3f11029c7,5,,just benefitting business,2026-05-11 09:21:50
a09f2d4d-475e-47ef-8ee2-bc3d92157603,5,,good,2026-05-11 09:18:57
dc8e86e3-493f-408a-a9cc-bbb0ff889909,5,,excellent,2026-05-11 09:04:41
25645282-3b13-4cc9-804a-5685419c62b1,5,,I like the idea 💡,2026-05-11 09:02:00
6211090b-876f-4b19-9bf3-72eba9547e43,5,,super,2026-05-11 08:59:41
127a9d98-74b4-466b-bc84-85eeb0f5864b,5,,good,2026-05-11 08:42:52
b7564b1b-3928-4b38-a2fa-e63091b246a5,5,,good,2026-05-11 08:27:23
aa80f23d-55e0-405c-8e02-366adae9c50f,5,,Best app for investing,2026-05-11 08:22:46
bf1dbdd5-1857-473e-ac57-8622c054f532,5,,very nice and beautiful,2026-05-11 08:15:40
68b804d5-7511-4949-8e2c-0777fb42a175,4,,😍,2026-05-11 08:13:44
b9552cb0-77b5-4047-b7ee-09fa9a800707,5,,good fantastic app law commission ek number ki app hai ekadam Khatarnak Hai pe Khatarnak bol to Khatarnak badhiya hai badhiya Kathi jahar hai call Jay Bata Di is app ke liye mere pass hi sakte hain kyunki mujhe Raat nahin maaf Karna groww app 😀😀 😮,2026-05-11 07:56:25
32c59276-0894-4187-bb45-a469b46abb99,5,,THIRUMALESU RUPA excellent,2026-05-11 07:55:35
1d2b40ca-e9d7-4700-8ef2-5f42ab717817,5,,good,2026-05-11 07:53:48
5b09fe86-fc59-40be-9d6c-cbac5bfca183,5,,trust,2026-05-11 07:47:40
e1689c31-ee80-4082-93a6-3468ef645236,5,,great,2026-05-11 07:37:02
958ba36f-a933-4315-8e5a-0a5f735a870b,5,,good,2026-05-11 07:26:34
bddf66c0-2593-40a3-83db-c4db549f6a6e,1,,Ill add 250 rs But not Received untill now Very bad 👎,2026-05-11 07:13:28
2f37024b-77a4-40d9-a39e-7cf14d9d71b4,5,,genuine app,2026-05-11 07:06:10
ebe63df3-3fc4-4e67-8a84-6df644a45556,5,,it is a superb app for inviting.. ek dum zhakaaaasss..,2026-05-11 06:41:13
bdc59f10-84b2-4ce4-925a-2637552a507a,3,,good and excellent,2026-05-11 06:21:04
31727cbd-75c2-4afb-b9c5-723b862339d9,5,,good aap,2026-05-11 06:15:20
45f8bbc6-296a-4622-85c2-c59909f76267,1,,PRICEING AND ORDER PROSES,2026-05-11 06:09:06
31c223e0-f455-4cde-96cd-63d76f3cbcad,3,,awesome👍,2026-05-11 05:29:38
f9e67697-0d93-4fc4-abaf-26024b697883,5,,nice app 👍,2026-05-11 02:54:55
6e0e20f9-6b58-4c33-b4dd-cfd3ea863b70,5,,nice 👍🏻,2026-05-11 02:10:07
d4b2379c-e462-4f35-a3d7-acc401ca519e,5,,good 👍,2026-05-11 01:07:07
f49ffd06-1d9e-495f-b6fd-3a46ec0573d3,4,,App good simple and essy but costomer care very slow and poor . Proper guidence and solution bhi nahi milta hai . groww excutive khud hi confuse rahty hai . Costomer care ( chat & call ) poor responce . And baat nahi kerty call cut kerty hai hai Please provide better costomer support experance,2026-05-11 00:54:44
3342aa22-936c-4edc-a28f-f58d13c3feee,5,,excellent 👌,2026-05-11 00:46:29
1ecaec77-714c-4a8a-98d6-f1d48196ac7f,5,,good,2026-05-11 00:36:31
4cc29873-f6f9-482f-8bf3-62a0144d5685,5,,best investment app,2026-05-11 00:17:36
f857f3fb-af44-4313-96b8-5fa69fe66bbe,5,,nice app,2026-05-10 23:42:34
91461931-5c94-47a2-b299-8ceef050f31b,5,,good,2026-05-10 23:39:46
4e1de013-d91e-4eb7-a4f6-893981c92a56,4,,good,2026-05-10 23:34:19
5ff2191e-8c7a-4abc-a4b3-edf16acfab4f,5,,Thanks groww you are my life change.,2026-05-10 23:15:29
cb14acb9-d8c9-4b78-b77d-ae7885b9b386,5,,very fast and easy to access,2026-05-10 23:06:42
668a36fb-e83f-4b2e-987d-a46106be178c,5,,nice,2026-05-10 22:57:28
4586905c-76bd-40a4-9920-d92245ac03f0,5,,Extra ordinary,2026-05-10 22:46:18
f6ed32dc-69f1-4237-ac8a-89e5b7fc08f3,5,,good,2026-05-10 22:36:39
91f5cd10-faf5-4bce-9636-d6c7b58b4d22,5,,this app is very best,2026-05-10 22:20:56
767eb38c-2c90-467e-b9ac-8d72fdac7ace,5,,very nice 👍,2026-05-10 22:18:25
8389aa5b-a4d5-4352-b775-9565754c0cd3,5,,Good,2026-05-10 22:07:23
b8e89fab-7080-41af-aa8f-102dd5f8b6fd,5,,super duper hit,2026-05-10 21:59:30
71c8b9e1-dbc0-408b-97ed-1e9fea850a2d,5,,best in game,2026-05-10 21:59:13
9717d45e-f4a3-4db0-a71a-89b7afa1c5b6,5,,Nice,2026-05-10 21:35:13
4a435d5a-a345-4081-93d4-34d8c159f133,1,,groww doesn't have mutual fund opt out for demat mode settings available for users directly. They made demat default and hid the opt out option deep in the help center rather as a straight forward option where users can make decisions. These kinda shady practice questions their credibility.,2026-05-10 21:12:42
dc78eb79-f5cc-43cb-a25b-8da7442c2241,5,,very good,2026-05-10 21:09:41
3f6b967c-e765-45f8-9c11-ad5d4af8b460,5,,nice 🙂,2026-05-10 20:56:05
c73886c8-5b60-43a7-a168-584372768bd8,5,,good,2026-05-10 20:50:42
1f468b48-c5db-4399-a244-8b9ae735d3d9,5,,good,2026-05-10 20:34:21
903f6a69-37f8-4f08-8542-49c8ada67a6c,5,,Best,2026-05-10 19:05:33
2b3cbf15-2cfc-4094-a36f-6a0380be9c6e,5,,good,2026-05-10 18:53:59
bf56d37e-86eb-4ac7-9fba-9cf09ec46203,5,,good,2026-05-10 18:14:57
b5dc752d-53f9-42fb-b336-92fe05773961,5,,Loving this app from 2018,2026-05-10 18:14:47
2ede75c2-8a59-4b93-9cfb-1b7df18e17fa,4,,good,2026-05-10 18:03:00
8cc39ee3-f443-48d9-80a3-be660f066bdb,5,,good,2026-05-10 18:00:26
e132df31-067e-462f-864d-fe27bea163d4,5,,good 👍,2026-05-10 17:46:58
9b6dfe48-8e32-4998-bef8-23be1e4a319b,5,,awesome app,2026-05-10 17:23:40
7febea2f-59e5-4cc4-9f15-8039c47048c8,5,,very good,2026-05-10 16:48:28
775f1ead-63bf-4c30-81c3-8b4bb6d46660,1,,pat😡🤬🤬🤬,2026-05-10 16:45:19
cb307f28-4300-402c-b89b-7bac72517805,3,,good 👍😊,2026-05-10 16:18:59
2a53dceb-e837-4ea4-8938-1781cff89da7,4,,very good platform but high brokerage,2026-05-10 16:06:42
984a4fee-4ade-47ea-afd3-0fb032d6debe,5,,very good,2026-05-10 15:58:39
9b85ec42-4882-418f-93a0-29d2ee4c95de,5,,gari good 👍,2026-05-10 15:45:36
952409be-9085-4914-aa54-572e2aa31f1b,5,,very nice,2026-05-10 15:28:11
3051c554-09ff-46fc-b260-01fb6bf9cff1,5,,best,2026-05-10 15:23:58
abb8b5fb-84ce-4e57-8815-83054d01f636,5,,good,2026-05-10 15:09:16
befd6527-6883-4238-aa40-6f5c964e0935,5,,good,2026-05-10 14:53:33
a7b04d97-74fe-43d0-8e29-6e2f977b9911,5,,100% satisfied,2026-05-10 14:48:16
d2e6a624-acda-4c03-85d4-874ba8f5aaa2,5,,excellent,2026-05-10 14:32:02
03d3b585-9617-475c-b930-90e709f29b90,5,,Good,2026-05-10 14:30:26
213dde16-2b77-48ee-9a8f-18655f5613da,5,,excellent,2026-05-10 14:03:38
2e83652f-fd33-4991-be96-8928adf57bee,5,,perfect but improve chart technologi and fast Technology please improve the technology 🙏,2026-05-10 13:59:17
d10b6b75-9164-4968-8cd7-0582028c6a72,5,,best app,2026-05-10 13:48:29
1bce3450-c44f-43f9-a304-0a4b27e8796c,5,,best,2026-05-10 13:37:06
3246b570-1f53-4368-a803-40af197014f3,5,,very useful app and good service.,2026-05-10 13:05:58
8e919bc0-8ade-4883-9b66-3d3697a6d5a2,5,,Good,2026-05-10 12:57:41
0fc06a5d-e06f-491d-822b-ec46693423ea,5,,awesome,2026-05-10 12:48:15
eec7b97c-8348-45ff-bcb8-7e2129a9a529,5,,preety good experience just try it,2026-05-10 12:37:58
dc548415-735b-4900-98f8-c73dd81403dc,5,,it's good 👍,2026-05-10 12:36:46
41d7da9e-c17e-40a5-bf4e-8c28e3247882,5,,Excellent 👍,2026-05-10 12:22:01
09162482-0ce3-48e1-85e0-d84bdbba0719,5,,good,2026-05-10 12:21:41
ff71ebb3-e545-4ea8-9247-5c4217e911cf,5,,fast application,2026-05-10 12:00:07
268d49cd-2b3b-464e-b7a6-34395fcabdff,5,,good app,2026-05-10 11:54:08
23e6b063-a485-4e22-9db7-aefb96fdb0f7,5,,good 👍🏻 app and good service,2026-05-10 11:31:19
6054fde5-7b7c-4148-93ad-8d70d21ffd2f,5,,easily app for trading,2026-05-10 11:24:50
bac821e8-2a2e-4a0b-9e3a-f204f5d845c3,4,,दूसरे एप्लीकेशनसे अच्छा है,2026-05-10 11:21:55
576e6957-13bc-48a2-af03-966dcc9aaf2c,4,,good,2026-05-10 11:18:11
92b72edc-5086-42ad-be66-9a694cc02270,5,,bast app,2026-05-10 11:14:09
d6f075f4-d5d6-4881-9b78-de96667e1bf8,5,,super,2026-05-10 11:10:20
32b60134-d11f-4ffa-bd00-3fa3123e8baa,5,,good,2026-05-10 11:09:53
564bceaf-7729-473e-97ce-1d86ef9c8a5b,5,,Excellent 👌,2026-05-10 11:09:46
9547138a-6da0-45cd-96a4-fea8b09cc2af,5,,nice growing,2026-05-10 11:04:42
16f6b612-f920-4f0d-a5f4-21fa9aa7b0d6,4,,trading view chart is not working properly,2026-05-10 10:42:16
cd33221d-176f-4008-9321-0fa1a4aa2702,5,,good but broker charge is over 😕,2026-05-10 10:39:38
b4fc9616-8534-454e-8738-56adcbb7202f,1,,bad,2026-05-10 10:38:13
1124d01e-cc00-423c-974c-045fafdc6e26,5,,🥰,2026-05-10 10:33:31
41e6f916-0d5d-47ea-b7c2-182683c848fd,5,,Ease of use,2026-05-10 10:22:36
b1b93a82-76b4-4327-838c-5634ebe56796,5,,just stared😘👍,2026-05-10 10:18:09
f5376cd2-3440-4805-8c79-1f5ffcddf9e4,5,,good app,2026-05-10 10:11:22
f9f85a0e-8bdd-46a9-9d61-b060dd77f1c7,5,,it's very good and helpful app for investment,2026-05-10 09:54:30
deab0d95-4bb1-4a77-b13d-1a1e4ce5c8c6,5,,Nice app for investment,2026-05-10 09:50:24
8812a0fe-0b8b-41dd-9d07-5a17db7913e6,5,,I'm new but I'm enjoying it - Thanks grow,2026-05-10 09:49:49
b232184b-965a-4a9c-be4c-b77ec9e1e6ab,5,,varey good app and using the isliye,2026-05-10 09:38:12
f7cffc18-6ae1-486e-b8c5-6468602fadc0,5,,Nice,2026-05-10 09:30:00
7bc5de5e-adb3-48a6-b687-116e35f1d030,3,,lagging while opening the app,2026-05-10 09:19:02
62702231-971d-4668-b73d-e20245d8ddb5,5,,good application,2026-05-10 08:57:59
d35d65f3-5690-4234-b7f1-97d9d83b085d,5,,nice 👍👍,2026-05-10 08:47:03
cfec81a7-10fc-446b-af8e-84e6ed707bb6,5,,good,2026-05-10 08:29:51
d1b723e6-08be-4992-95e7-00cbf7efbbfb,5,,nice,2026-05-10 08:26:04
44ade605-c7eb-462b-8bc4-35da8e247223,5,,good,2026-05-10 08:14:09
151906d2-ea90-409f-a998-e578283150e4,5,,ok 👍,2026-05-10 08:09:03
89c67654-1f50-4e51-8bce-9bcda52f685d,5,,good,2026-05-10 08:08:32
233b0c22-43d0-47cd-ae47-025df565bac7,3,,"Alpha, beta and PE should be shown in every mutual fund and stocks so that we can easily decide which one is better for us. Hope groww team will work on it.",2026-05-10 08:08:19
f214ad1b-72a7-4a0c-a384-cf535e1f7d51,5,,fantastic groww,2026-05-10 08:04:44
c2a56395-de36-4f4c-9fd5-d05929298a01,4,,good,2026-05-10 07:59:52
efe78ca8-5d15-4acd-9c8c-15e51e926ee0,4,,"Simple to handle but very effective to use. In Mutual Fund, ranking shows but there is no option to see other top ranked funds of the same category. Display of such fund with rank would be helpful in investment. Customer care is helpful in simple query through text massage only.",2026-05-10 07:50:32
60a43ed5-9d65-46bd-8771-336c1a7ed160,1,,frauds deliberately manipulating graphs so user can book at wrong prices,2026-05-10 07:38:30
9b3fad8d-115a-4494-9e3c-66aec0d63340,5,,very good 😊,2026-05-10 07:18:41
b26349fa-de7b-45f4-ac1f-348181af3c36,5,,"Breezy investment options, great platform",2026-05-10 07:07:52
5cadff20-96e2-4ac7-8b58-80fc61686fc5,5,,Good investment &trading app,2026-05-10 06:57:55
030ec384-e182-47c9-9c96-04ac7a9364e0,5,,the best,2026-05-10 06:19:34
0818008f-e0a6-4133-9872-1a6a7d3f25ad,5,,very simple and useful,2026-05-10 06:06:21
81aa9e7b-0b9b-45d7-8e2d-4f793bfecf1e,1,,this gu app is charging extra money in the name of groww charges on buying or selling of stocks and the worst thing is that.. they Even don't follow SEBI rules and hold money for extra time and can be withdrawal able after 10am of next to next days if there is a holiday they gonna hold money for more time extremely worst app doesn't follow SEBI NORMS,2026-05-10 05:26:18
a027cbf8-b5e7-4c03-a9ce-7e19e7f9469d,5,,groww is great application for mutual funds invester,2026-05-10 03:51:16
ea1803c1-cfc1-40a4-86a7-6edb4b711141,4,,simply super,2026-05-10 00:58:39
bd5e7f2c-5b1b-45a2-9e3c-748fce27a655,5,,awesome fantastic app,2026-05-10 00:21:12
910028ce-a489-4008-900c-99e1a7342ff7,5,,Good app,2026-05-10 00:16:57
6d697e5d-5689-485f-9709-e5aa24f3b18d,5,,Easy to use and better for facility,2026-05-10 00:12:26
193550a6-f929-40a2-af97-f314e66208a9,4,,nice,2026-05-10 00:07:35
0622a362-dd01-4f3c-843c-eebe39c3094e,5,,🙏,2026-05-10 00:02:16
ce8c1472-e0c3-4bcf-bd7e-c120120cd399,5,,very good,2026-05-09 23:47:18
9e478cd4-1312-4683-bbdf-3d3659cf3d0d,5,,nice,2026-05-09 23:16:49
a6617900-1ff7-4cec-8921-46d3b983f3c3,5,,just nice app trusted,2026-05-09 23:12:25
06ace9d6-e809-4c97-be6a-62072027d269,5,,vry gud platform for savings,2026-05-09 23:06:30
15f94884-67e3-45df-9bda-612642ff283e,4,,very good app been using for past 3 years. i suggest to the product manager that we need option to invest every week in SIP for MF.,2026-05-09 22:39:31
fd550e47-998f-4090-bf65-e2b444c6d0a4,5,,good,2026-05-09 22:20:41
29046d65-487c-45b2-b18c-adc9658671a8,1,,"My SIP details is not showing, every month it is getting debited from my account, when I checked today in app it is showing no SIP and transaction history also not showing what the hell it is is this a genuine app or FRAUD or SCAM",2026-05-09 22:08:57
06fde66b-1087-47ea-9231-10370ad10dbb,2,,"Changing the rating from 5 star to 2 star. If you are a broker, behave like a broker. What is this new nonsense of demat mutual fund and locking in our money in your platform in a way that even AMCs don't have power over.",2026-05-09 22:00:59
62ba1242-6d90-413e-9656-aa3406262535,5,,nice,2026-05-09 21:54:00
0622d5de-c6a2-4d7b-bda7-96063dfa56fd,4,,good 👍,2026-05-09 21:44:23
8d79632c-46f4-411a-8b01-0eaa471df72a,5,,stock should having GTT order,2026-05-09 21:42:34
5e4f65e1-b2ee-4608-9cee-e807a49bebb8,4,,Nice app,2026-05-09 20:50:17
30c804c6-28dd-4904-a6bc-2ede57d250b8,5,,if better provide swot.,2026-05-09 20:38:42
b6c893be-07ea-41bc-8bb2-ef2f3d064c85,5,,super,2026-05-09 20:37:02
d6883a63-c868-4dee-8cad-e162b8bd7203,5,,best,2026-05-09 20:04:44
342c8e9b-7b3b-4120-ba3d-58c5572ebd0d,5,,best,2026-05-09 19:57:51
793e6d6e-112a-40a6-9cea-5687118692b6,5,,nice platform,2026-05-09 19:47:11
df979962-4814-4eff-bdfe-47761080d485,5,,nice work trusted platform,2026-05-09 19:45:37
56731d03-e24d-44ce-b40d-c34bf861e4e1,1,,Worst customer service. My groww app logged out automatically. Most vulnerable app. Groww must add either 2 factor authentication or sim verification like bank apps for login.I contacted the customer service but no reply. Useless app. I think I have to shift from groww to other app.,2026-05-09 19:36:35
f2b53a9a-b8b8-43eb-8d21-0b811c40926a,1,,the worst,2026-05-09 19:18:13
37128dc7-7a0f-4d5f-b421-2489da02eeaa,5,,excellent,2026-05-09 19:14:27
af052584-2cd7-4607-8fbe-dc7886cf604d,5,,THIS app is secure and helpful.every one understand interfaces of the app . so app is very good.,2026-05-09 19:13:30
f6ae4b81-7eed-4fc1-ad46-a9e152dbac51,5,,good,2026-05-09 19:04:53
4c13f42b-7645-418e-9d9d-67f2be4eef6e,5,,nice app,2026-05-09 18:35:10
c6c65feb-7c26-46c5-a8c0-5f6975390372,3,,the app is good but add daily p&l chart to see our profit and losses,2026-05-09 18:35:02
08ee4e0c-242e-4a78-a896-82cf084d30a1,3,,brokerage charges very high,2026-05-09 18:32:44
8bc86524-c6a9-4f5b-a14d-0bd14173314f,5,,osam,2026-05-09 17:39:02
34452341-d8c6-497a-97bf-405e0e31085e,5,,good,2026-05-09 17:02:43
278ac670-d8b9-43e2-a089-def86eec999d,5,,good brokrage,2026-05-09 16:38:04
a615251f-41f4-4cf7-883e-45d41f4d2c5d,5,,good,2026-05-09 16:32:42
f2c53837-f97b-4412-bd88-c947fffc3acb,3,,svab,2026-05-09 16:18:10
e3145e8f-688f-4732-b49b-3dd9fba6bdbe,5,,but charges is much more,2026-05-09 16:12:23
9ce41520-9a79-4820-9eb0-1b8408e970a4,5,,good,2026-05-09 16:11:10
81046f5a-dbc8-485a-9d19-f46df3ff42db,5,,Nice app,2026-05-09 16:09:14
0a228b32-5cfd-4bf2-b0b0-99c0eda4df70,5,,Nice,2026-05-09 16:00:55
3dd7a9b7-a2b5-429c-abaa-15f09f3ce50d,1,,worst app I ever use. Their customer support is hell. they don't know how to talk....never recommend it to anyone....,2026-05-09 15:52:44
97e53ecd-5f38-4b06-87d5-69c2c189a24a,5,,Thank you,2026-05-09 15:45:10
bc94f48b-0259-4477-96bb-980365b5cf91,5,,please provide Niftysmallcap index in All index section for better comparision with nifty 50 and other indices. and please provide gainer and loser least seperately with atleast 5 stocks.,2026-05-09 15:42:48
626cc69c-580d-4a6d-a1fd-b967599e8854,5,,Nice,2026-05-09 15:32:06
36cc0a4e-a8d7-42c2-a2a4-4485bc8bee3a,5,,very good,2026-05-09 15:07:19
eb005b8e-0dab-4273-82ff-e1ece32185e8,5,,"Please provide volume in Index chart as soon possible... Example: Nifty 50 index, Bank nifty index etc....",2026-05-09 14:58:45
72b64c9f-eb8c-44f7-9d38-ff8dfda88162,5,,this aap is very important and very good aap,2026-05-09 14:53:35
f8631831-2e7d-42e4-97c1-636721f30077,5,,best app,2026-05-09 14:37:38
f383c79e-deab-4b39-863d-b9ce5666ac1c,5,,good,2026-05-09 14:27:12
ef07cce3-9f28-4671-8720-1380eff6ae90,5,,good,2026-05-09 14:06:46
15346ddc-b4ba-4018-9c6c-30ce814256c1,5,,good,2026-05-09 14:00:01
f73661ca-69c5-436b-a049-a4a3a7d18f25,5,,Nice 👍,2026-05-09 13:48:29
a7811166-ed6b-4cb5-904b-c37cef5e20df,5,,good 👍,2026-05-09 13:42:21
705b8c8e-d00b-4e5c-995c-ff93a4b819e9,4,,good,2026-05-09 13:30:20
c589a19e-c54f-4a6b-84dc-febb94e9995f,5,,Good,2026-05-09 13:20:46
29a99792-56f8-4896-9339-93afdb4d6e96,3,,"Interface is good, Speed of placing order is good. But CHARGES are worst part , it charges the most in industry.",2026-05-09 13:13:21
b12c3c37-8e13-49bd-9bb8-3557ea0ddd63,1,,usless and spam not good consumer service,2026-05-09 13:12:01
b9e8db3c-e0c1-4d9c-a640-a5dc67036137,5,,good app,2026-05-09 13:08:05
c92f940f-98d1-47a7-87a8-6fa4df70ec93,5,,good👍,2026-05-09 13:05:53
79840f4f-9bc9-4eba-9163-3e16ec57f7b5,5,,vry nice,2026-05-09 12:59:45
af5a7b5f-60e9-4834-bc95-5bd852f49221,4,,very good,2026-05-09 12:56:23
91a3c3a7-1fb7-4942-8300-a1bed5f8ff8b,2,,Please add features like on chart buy and sell features just like international app on chart put stoploss through line just drop on chart and stoploss is done,2026-05-09 12:49:28
226f901e-638d-4b85-b5e2-df4b4a2f6c06,5,,super,2026-05-09 12:43:54
5f95b874-04e1-4a08-836a-d1234d020420,5,,wait four the result,2026-05-09 12:33:02
179af8d3-ca37-4c03-82bc-e2c8ea9e4530,5,,Groww Stock Nut,2026-05-09 12:18:10
bfa1a1e1-04db-46d7-976c-7d57bd1442f4,5,,Good 👍,2026-05-09 12:17:06
5de60d08-b7ed-4aa6-af8b-2b696f6a52b6,5,,nice app,2026-05-09 12:06:22
0c91ee11-3b35-4571-a8ab-eb5ee888913d,5,,good app,2026-05-09 11:50:37
a7eb1d3c-a8de-4aaf-a0cb-9048e5ae9744,5,,bahut achcha play,2026-05-09 11:50:10
e767e42d-34d9-4c98-b223-c656b0c7eee4,5,,good but need some advanced tolls,2026-05-09 11:36:18
9b92853a-ae0e-4703-9a5d-b72e2d40a246,1,,worst app,2026-05-09 11:26:11
6ec03fd5-7fd0-49c6-bd7c-99344e02db9f,5,,best app trading ☺️☺️,2026-05-09 11:21:46
421b5da9-2009-4d73-b1ea-e41dd45cd78b,5,,clean ui,2026-05-09 11:16:37
dca93c5d-5ee4-4de5-a2e2-58d336194ada,5,,good 👍😊,2026-05-09 11:08:22
2d892dc1-e700-4fd8-b614-e46125179c57,5,,nice,2026-05-09 10:50:31
99dfbc4c-e803-42c6-abda-6536f654cef1,4,,ok,2026-05-09 10:45:40
1de6068f-5a3b-4a48-990e-f357a3b41910,5,,Excellent aap,2026-05-09 10:38:55
55cbb4ce-71a4-4255-8268-c5c66418a914,5,,super,2026-05-09 10:22:25
82b5baa1-f9cb-4605-9eaa-bbd282e516e0,4,,best app for trading,2026-05-09 10:18:50
5e2ad2db-fe7b-40ec-9cde-fc0bf6264810,5,,nice app,2026-05-09 10:08:45
15f16734-e3c1-4ab0-b94f-72cb7885f8ba,5,,ezay to use,2026-05-09 09:57:14
7b2650d9-3a7c-469a-9787-192541366908,5,,Good,2026-05-09 09:54:58
af570f4c-bbba-492f-96e6-9097713e8efe,5,,👍,2026-05-09 09:49:49
9fbe43f1-36e5-4c07-958c-9bb87400067c,5,,very good,2026-05-09 09:38:50
5f7b20cf-18bb-4098-8501-1203b350bc09,5,,good,2026-05-09 09:38:18
f8fae807-09ab-4d52-a591-27ed9961f9b4,5,,this is amazing app rather than motlal oswal because rise app brockerage is at higher level at per share . And groww app cut little charge on share .,2026-05-09 09:29:22
d4dd028a-fdc4-4096-9ba9-30e7185525dd,5,,nice 🙂👍,2026-05-09 09:27:21
c1f09dfe-0317-486e-b57e-72ff7a37f285,4,,good 👍,2026-05-09 09:26:24
d966c7be-463c-40ef-8a6f-e698dd418638,5,,good,2026-05-09 09:21:36
7ec49b80-1810-4e93-9d46-bfd3f81a33e9,4,,good,2026-05-09 09:18:00
fa2851a9-b992-46ca-8053-087006301471,5,,bekar app,2026-05-09 09:15:23
a06fad98-f84b-4d18-9a1f-58957a357a56,5,,good 👍👍,2026-05-09 09:15:03
c2ca4fe3-f2e2-4b2c-adb9-c928b4b228c1,1,,Too many glitches on MF dashboard. some MFs are not showing at all.,2026-05-09 08:19:00
de0f82a6-2338-4198-baec-b0e033c6b871,5,,very nice 👍,2026-05-09 08:16:47
c6bfeda2-7c1f-4119-b699-9d19397feb82,5,,excellent,2026-05-09 08:13:05
4edfd23d-ebd6-4d50-ba26-8c9a3aeb0d58,5,,good user interface.Easy to use,2026-05-09 08:05:35
6d8c1f9c-0119-438f-aa8c-5a43c0753134,1,,"don't use this app, you cannot see proper transaction details, they will charge and hide if you keep amount in groww app , you cannot get the details and cannot able to connect with customer care also. Scam and fraud company.",2026-05-09 07:47:41
99a5f3a3-4773-4536-99c5-63f9077c5ce1,5,,Best Stock market app.,2026-05-09 07:45:18
8179c00d-b78e-4a10-917c-f278d26c62de,5,,very nice,2026-05-09 07:33:25
b794aed6-af7d-4418-aeac-7844dff9d578,5,,nice,2026-05-09 07:30:07
37b9f564-0fbb-4cb1-af29-72430fcbccbc,1,,"trade kharidne bechna 100rs charge krte ,20rs buy 20sell 60rs tax, kul milake broker hi kama rahe , kal mera 4k loss and 3k broker charges pay kre in a day, total loss 7k , kul milake broker profit m hai bs",2026-05-09 07:29:01
662e4e8b-f9c3-439e-a020-e45dea063004,5,,good,2026-05-09 07:06:47
9237d3ef-8828-4e8f-8fcb-9f2897a1208c,5,,"I am beginner, but still learning from this app",2026-05-09 07:02:40
2268327f-f5e1-4ed4-90a6-cb24bee652d5,5,,very good aap,2026-05-09 06:57:04
f4282d51-596a-4cce-abcb-7fd6a1317ad2,5,,good,2026-05-09 06:37:42
674ad191-4ec6-4bba-bb7f-25001e491039,2,,"Dear Insvester, see Carefully : After Demarger graph showing like crash (Vedanta, Raymond, ABFRL, Tata Motors Passenger Vehicle etc.) Groww Team please update as pro rata basis. Otherwise we trapped those stocks. ""I loose money after Demarger Raymond stock"". So please update otherwise anyone trapped like me.",2026-05-09 06:34:41
84289394-4873-42a9-8288-5b81a9cc59a9,1,,redeem telated eashu not trusted app,2026-05-09 03:11:51
51b4d54b-b711-43c0-bafa-1527abbccb18,5,,happy,2026-05-09 01:55:51
568de9ad-a5c1-4bca-8595-3f502c2f68bb,5,,Best app,2026-05-09 01:32:42
5eed5d18-cbf4-4a3b-8803-2161023d5dbf,5,,very nice,2026-05-09 01:19:01
f51f0ed4-d8ba-41ae-adc3-b9a5bbb0fc16,5,,groww good investment platform,2026-05-09 00:40:39
c55667ac-4519-4921-8be0-98050f555f92,5,,nice app,2026-05-09 00:34:03
88a04f9b-29d0-4014-8216-3da80e22e566,5,,best app,2026-05-08 23:53:36
0df41220-217f-42f2-a7d3-9458910ef313,5,,this is the best app for stokes market.,2026-05-08 23:42:37
d69da911-50b6-4ba0-bc58-c56d0108b139,5,,🤙👍,2026-05-08 23:38:40
51a2e82e-4378-4acb-a15b-9e3985e4ee71,5,,Great app to save and grow money 💰💰,2026-05-08 23:29:58
6b72b839-3755-4104-ada6-4a4a2853e76b,5,,nice app,2026-05-08 22:54:38
1457c81e-8e84-422c-8ca6-6d9ca8594629,5,,clear all but charge high,2026-05-08 22:51:55
dd37c07e-5db6-437c-bbc5-37ef0886743f,5,,bahut ach hai,2026-05-08 22:29:12
c22944c8-8bab-4beb-a827-985d045c121b,5,,Excellent,2026-05-08 21:37:05
5e50bc1d-fa89-421f-9cd8-ac6574258e7a,4,,"i have given the 1 star but you improve a lot so rating also increased, special about the data provided on platform.",2026-05-08 21:30:03
396a6729-81b5-4d5a-b46d-5488ea1ce55e,5,,nice groww app is stok market,2026-05-08 21:07:48
ee4129de-9454-445a-a939-621bb0ae6bd8,3,,Good app for trading. and learning and investing .. but sometimes glitch are there 😔,2026-05-08 20:38:16
cdf9dfe0-67e1-4966-891e-f31fa98d0ac2,5,,ok,2026-05-08 20:24:15
7bcb4fa2-3520-4bed-8030-4106b8f92bac,5,,good app,2026-05-08 20:22:47
00938082-83c4-4be6-a90b-48e91192fe05,5,,Very good l ln,2026-05-08 20:16:03
15d64bb6-d7fd-4bef-b5c1-3eec648193bb,5,,Good,2026-05-08 19:45:23
9c10e56a-ccec-430b-9688-8bb95c85edae,5,,nice,2026-05-08 18:11:56
40e459ac-f9f7-49fb-95ca-3e6dbfd899b5,5,,good💯👍,2026-05-08 18:08:57
6d3b756b-cb07-45e6-ac75-49de3fa5458d,5,,Best feature👍,2026-05-08 17:18:25
e0946eb4-b989-4fe3-a3fb-d1807a1a2947,5,,nice app,2026-05-08 16:36:24
c7ef6bae-92d4-40da-a803-06125f2e9431,1,,👎🏻👎🏻👎🏻👎🏻👎🏻👎🏻👎🏻👎🏻👎🏻👎🏻👎🏻🦻🏻,2026-05-08 16:31:14
1c869db5-6f59-49e8-91c5-1958a63f15c3,5,,nice app,2026-05-08 16:27:28
19254b3f-b87e-4c77-bca4-402ef0bb847d,5,,teek h,2026-05-08 16:09:47
ad6d4596-9138-4f41-9fe9-5f4c87cdedab,5,,❤️‍🩹,2026-05-08 16:09:29
141c4c5f-26c4-4a9c-b224-265a7e8fa796,5,,good,2026-05-08 16:07:51
fe690ba3-3bdd-4401-88ad-47193b082505,1,,sabse ghatiya app hai sirf brokerage khata hai aur Kuchh Nahin Hai Koi Bhi Jaane Se download Na Karo Sahi ka App bahut Achcha hai yah third class app Hai yah sirf brokerage ke liye rahata hai aur aapke paise kha jata hai,2026-05-08 16:06:03
129e9283-9a16-401e-8aec-e5d9ae7d31ce,5,,very good,2026-05-08 15:58:07
88100375-5f60-4d67-91ab-e495bffe95c7,5,,good aap,2026-05-08 15:51:45
84df91bf-4fe6-453f-be7e-ff8e4f82e1ec,4,,but I want something that make all analysis on investing companies without using screener.in and other,2026-05-08 15:42:53
3d26d249-7550-40f6-b2e7-45b48feeca08,5,,Fantastic 😍,2026-05-08 15:38:35
a2e5d984-c874-4757-a45f-8e07fc3e8423,5,,good,2026-05-08 15:28:42
99a3d7ef-283b-4438-beba-4bbe960e76c9,4,,good,2026-05-08 15:23:39
e54f4c2c-0355-49df-81b3-2826beae2eac,5,,very good 💯,2026-05-08 15:13:02
b4b287b4-084a-44ea-b015-bd174a7d63b1,3,,I'm unable to login with otp or mail,2026-05-08 15:05:56
0ba57fc2-6a95-457e-8d81-ac3c4a1f8cbe,5,,very nice 👍,2026-05-08 14:49:48
9cbc3052-988f-4b29-89f2-c7ca11c03c6d,5,,very good,2026-05-08 14:48:08
1d087f0a-93c5-4f13-93c2-5e3762d0e11b,1,,too much glitch slowly work from last month,2026-05-08 14:37:56
e9288169-d9ed-411d-baa5-8b28bdbc0064,5,,extremely good 👍 app,2026-05-08 14:37:24
819f220b-9621-4ede-9c4b-5009ad691091,5,,good,2026-05-08 14:23:13
0e41023f-d0e5-44de-ac0d-3bddd9ae6e87,2,,without financial literacy don't come to here,2026-05-08 14:06:37
57dece49-4f71-4df3-8dfe-df27308df7f5,5,,very good 👍,2026-05-08 13:57:09
a86356f0-f1d0-43c6-85fa-1e7689671502,5,,👍,2026-05-08 13:26:36
ee132056-4c4b-413d-a915-3b2ab483d386,1,,there is no redemption option against the MF... not user friendly to use this app,2026-05-08 13:23:32
35fd80fd-5af1-4bae-9216-cee2baa9e0d3,4,,good app,2026-05-08 13:12:23
5bf15e53-513a-4ec7-8e6c-6b79d47519ca,5,,👍,2026-05-08 13:10:10
7b3778fa-d817-4561-a191-0383ce6054df,5,,ok thaink,2026-05-08 13:07:44
cddcdbe3-9879-4c9b-a78c-46135a5df94e,5,,Excellent,2026-05-08 13:00:08
6aa53b8d-5acd-4866-926b-202393bfb85d,5,,excellent 👍,2026-05-08 12:47:47
4d9be630-537e-4138-918d-9af4b5235936,5,,very easy to use,2026-05-08 12:41:46
57c9f6ad-6e86-4f0b-9382-5f638d09707c,5,,excellent 👍,2026-05-08 12:39:21
b25789fa-70a6-4d9c-82bf-f3ee79c9d71c,5,,best app,2026-05-08 12:36:35
0dcec499-3029-4e71-96cb-25cf2143b2c6,5,,very good investment app,2026-05-08 12:35:00
213bbeee-84a7-429e-8b2c-fdbc158727a7,5,,very good app for stock market,2026-05-08 12:33:53
c13db7ac-52eb-4ec2-9d9d-90e598600680,5,,excellent,2026-05-08 12:33:09
30ddeb09-48e9-4d1f-8aee-2af221ef4622,5,,thank you,2026-05-08 12:24:57
d6fd1750-3bc5-4e1c-8f8b-167e0cd19103,1,,They are modifying rules too frequently and seems Groww is performing internal profit booking from the users based on TGT and auto squareoffs by triggering and too incorrect prices.. This app had become too much frustrating now.. Don't recommend for Intraday traders.,2026-05-08 12:20:57
4b081fbf-a8ff-489c-8f92-8de5a89948f4,5,,Seamless account opening and investments. App is decent.,2026-05-08 12:20:56
a9897955-20b4-403e-a8e1-242e1cbee943,4,,Nice app 👍👍,2026-05-08 12:17:14
7433fe1d-c94c-46b6-a320-00ffb9a9e28d,5,,awesome experience with groww,2026-05-08 12:14:43
9200293a-122e-4fbb-80a4-e199e8828a2d,5,,good 👍 experience in share market,2026-05-08 12:09:45
528cd88f-6cf7-43d8-a593-231110d75c69,5,,Good 👍,2026-05-08 12:02:10
b9f0f6b4-bda0-4c9e-89fb-e5bc0c8ece95,3,,please improve their features of marking the support and resistance level of big time frame but I come in small time frame what earlier 9 marked it is show very far in shorter time frame . my one suggestion is add a feature in scalping mode I can see the chart in different time frame . i can see the difference index 5 min chart and see the f&0 chart in different time frame,2026-05-08 11:53:28
a1e611e9-678d-4b11-a43b-cea769b81988,5,,nice app,2026-05-08 11:23:15
629ea66c-c3ed-4850-b0e6-7b10adb2cdf6,5,,nice,2026-05-08 11:21:58
c13bfe76-05e1-4d4d-98eb-b559cd2bb1af,5,,Best app,2026-05-08 11:19:29
89d5ceba-e77c-4013-8338-3522d60fad7a,5,,good,2026-05-08 11:03:39
e517c9e7-7427-427a-89e8-41b66d61bee0,1,,not good,2026-05-08 10:55:36
b501bf03-49df-40f3-b85f-476e80c1f7f6,5,,good,2026-05-08 10:54:53
79f25f14-edbe-404a-b7fa-7ddd07156c65,5,,👍 nice work,2026-05-08 10:49:30
3a310022-1547-4c71-8feb-03dac39da926,5,,wow,2026-05-08 10:49:02
e3c11f09-cdd6-4671-8173-2c4ccaa51f8c,5,,good,2026-05-08 10:37:35
35b5538f-cf56-4250-9a39-54154d487d71,5,,app is best scalping is fast exelent 👌👌👌👍👍,2026-05-08 10:24:02
77752740-44c0-4c05-8b41-0fe1dfb9e1cd,4,,excellent,2026-05-08 10:20:29
40d0d05e-84f9-4e82-ae32-213fdd994d47,4,,good,2026-05-08 10:14:00
f5f42ddd-aa9f-4156-990c-57c0b619548b,5,,best application,2026-05-08 10:08:57
9d795fd3-be3b-4b47-b2f2-2f345af41aff,5,,Excellent,2026-05-08 10:08:18
54e56d77-73c5-4258-a654-64f3e01207fb,5,,सबसे अच्छा काम करता हैं और यह किसी gpay जैसे ही है,2026-05-08 10:07:07
b9daee61-f75b-4dc1-aca7-cfc3501d3242,1,,bad application,2026-05-08 10:03:50
901c06b0-3bf5-4ebf-bc86-49e88518c281,5,,best UI among all the trading apps. beer l transparent and easy to use,2026-05-08 10:03:48
833442f0-d732-41b8-bde9-a59407ebc584,5,,good 👍,2026-05-08 09:59:01
54ddc988-6614-403d-bbae-2c4dda2e6e45,5,,very nice and power full app,2026-05-08 09:49:44
6476a3b9-f41c-4e01-a72f-d734b8facd7e,5,,exllent 👍 app,2026-05-08 09:49:12
b6036621-946d-4a66-a5fc-d46180562e0d,5,,happy,2026-05-08 09:36:34
c88d5391-5e0d-4483-a4fa-a34545a0487d,1,,I can't withdraw my money,2026-05-08 09:29:43
b2fb6520-7061-4321-912c-b3f23729da80,5,,nice 👍,2026-05-08 09:27:05
cb044366-1eb7-4392-a852-487801511af7,5,,very nice and smooth application thank you groww team good work,2026-05-08 09:23:54
00d77950-5f90-43f8-99ce-c42d7083b061,1,,Too much bugs... not getting g opened... SL always hit 20-40 points up... useless,2026-05-08 09:21:33
9f1bd3f7-4bbe-4ed6-b581-ed184c896a34,5,,💯👍😊😊😊,2026-05-08 09:15:13
817369be-b1df-48b2-8fff-6fa53ab9c3e6,5,,very Good App,2026-05-08 09:01:34
7a98cf20-256d-47b5-b431-4475b2878a35,5,,opp nice,2026-05-08 08:55:23
a78a4891-39cc-44b6-ab72-31677618a9c5,5,,love it,2026-05-08 08:55:20
10a827c8-f411-4de2-9970-dccdc3c7ff29,5,,this is the best app for Android,2026-05-08 08:53:18
119f101f-7f83-48e5-8f78-211b966d9adf,1,,very very difficult,2026-05-08 08:53:04
53ad33dc-a8b0-4ec5-a322-2b6a5dd68b34,5,,nice,2026-05-08 08:52:11
e4527da0-c871-4c4d-9020-05a72d0cd953,1,,please don't go to invest when I option trading try to buying at 2700 rupees and my account balance is 15800 something but they cut off my account balance arround 29000 and now my account balance is nigetive why grow management If I have 15800 rupees then how I buying share at 29000,2026-05-08 08:47:47
4848caaa-1743-4591-9ae7-1e6b167483b3,4,,wonderful 👍,2026-05-08 08:47:08
83961d33-3a38-4330-bcff-daeabcb66228,4,,give me suggestions which buy and sell feature,2026-05-08 08:42:23
28bf1819-9286-463c-8291-1e58c0fc9e36,5,,Best platform of trading.,2026-05-08 08:26:09
73cf28ab-b79f-450d-9b0c-a85e7e3019a6,5,,good,2026-05-08 08:17:32
f1619066-1244-410b-9ccd-4427d83bf204,5,,yes I recommend other,2026-05-08 07:46:44
b2939558-5301-4d93-a9ce-c83a9dd5f650,5,,good,2026-05-08 07:40:40
38c4399f-8dd4-4488-9ccc-6b01666759e4,5,,Nice app,2026-05-08 07:31:05
ef160d2a-9334-416b-b3ff-d71d3b9481a1,1,,worst app i have used for waste of money brokrage are two high,2026-05-08 07:26:36
82023b1a-84bd-4818-9dbc-ab44a6994069,5,,nice,2026-05-08 07:25:27
f2ba26c3-ebc0-4161-9680-b2b569ab5923,5,,good💐,2026-05-08 07:18:10
66b75744-f8d4-43ab-890f-9f38b5b35bec,5,,trusted,2026-05-08 06:34:57
06d19ab7-58d7-45ac-86be-8293ce5cf61c,5,,nice app,2026-05-08 06:03:35
e7ec4a13-b623-45c6-81e8-537be8961f88,5,,The best app for beginners,2026-05-08 05:52:08
67a9ed07-6d83-4e32-bb11-9f402db41ec9,5,,good,2026-05-08 05:42:50
01a16622-cfa3-49ce-a373-81db51a697d9,5,,excellent,2026-05-08 05:35:12
be048510-7ff3-453f-a8cb-2845c9cbb329,5,,good 👍🏻,2026-05-08 03:28:01
de72d5c1-0875-469e-9357-5b05840c1e89,5,,nice platform to invest,2026-05-08 03:06:30
0696d4a8-ada6-4857-8743-4aed84c4beb2,5,,Excellent 👌👍,2026-05-08 02:10:41
6d734be4-735d-4030-b4cd-a8e4db576047,5,,very good,2026-05-08 00:57:45
335b0c78-0d53-46c7-9c0d-903ef44d1a51,1,,f&o charges very high and sometimes it's hang at the time of order placed poor app,2026-05-08 00:45:21
c0f8c18b-eae5-4b99-ab3a-f6130a187933,4,,good,2026-05-08 00:42:41
057470d6-1a47-431e-b393-536cb6ef8fe2,5,,good 😊😊,2026-05-08 00:41:11
c892347e-98b1-4b53-a597-d301871e1db7,5,,Every time there is issue in login plz fix it Each and every day this is happening,2026-05-07 23:36:53
98b7054c-81d0-4251-9963-128d1a08fc41,5,,best,2026-05-07 23:14:53
9b51d484-363b-456e-bc9e-23a4dedd5869,5,,good,2026-05-07 23:12:32
483ca908-d9c8-40ca-a4e3-2c5c3121b032,5,,good,2026-05-07 22:51:49
f636f3b7-023a-4104-83d9-2350dc745210,3,,"Nice and easy to use this app, good user interface but customer support is not good and it is very hard to reach customer support",2026-05-07 22:41:01
6a47b185-7cbf-4a54-8cef-235cc91b8e53,5,,super app all in one apply 👌👌,2026-05-07 22:27:20
1e30bac0-9819-4221-8d2c-63d39d9817b8,5,,Nice,2026-05-07 22:12:55
68d06c59-db0b-4eb0-8dda-b1a7e8b06402,5,,good,2026-05-07 21:52:10
81acd862-2da2-4b92-922b-1cc45eb7375a,5,,very nice sarvish,2026-05-07 21:27:25
ccb2d092-9d4c-4bc6-a786-3ec0a9b7584e,5,,OK,2026-05-07 21:15:34
ff0d1c31-9c5c-4ec1-b0fb-d62fb764bd53,5,,okay,2026-05-07 21:07:13
0913bb03-8919-4228-89d6-daac98d25bb1,2,,i applied a SIP through UPI but it never gets debited automatically. Every month i have to manually pay it.,2026-05-07 21:06:49
84b4ff85-ec23-48f4-935f-d460a256b039,1,,"This has been the worst experience — I strongly advise against installing this app. Choose another broker instead, because the support is inadequate and stop-loss orders get executed arbitrarily, even when the price action hasn’t reached the set level. I’ve already moved to another broker.",2026-05-07 21:05:20
818067cf-3a6c-4984-b7f0-f21bb393e277,5,,nice app for investment,2026-05-07 20:53:52
22d98d31-54a6-4153-83ff-c6550a5cdaaa,5,,very nice app,2026-05-07 20:48:02
6a63205a-8754-48a0-9481-ac764fa9f52c,4,,v good 👍😊,2026-05-07 20:13:47
21f44370-82ce-419f-bff3-fa0a445a1fe1,4,,app is good overall experience is top-notch. but please release the updated app for ipad. please,2026-05-07 19:43:50
92d83559-6fbc-4582-92ad-af11e59b5f87,5,,good,2026-05-07 19:23:14
85f0f81c-b66d-4b07-9550-6b756059779d,5,,verry good,2026-05-07 19:05:42
d90eb5ea-d966-4688-b445-4ed78f9ca0ad,5,,nice aap,2026-05-07 18:51:40
a79e0bc5-2850-4619-a842-b3abab836713,5,,best chart,2026-05-07 17:33:16
541bbf12-508c-4943-b209-5a648fe76c45,3,,grow is good but no the best because when you add the wallet money hidden charges is a bad facility. for the time being is good. l am invested on grow,2026-05-07 17:28:04
ff935ab8-c264-4951-9959-7c96b4e74426,5,,it was nice 🙂👍🙂🙂,2026-05-07 17:09:25
280cbb89-0eb9-47fb-8998-80442163c309,4,,groww app is excellent app I learn more actually I started learn etf stock buying saling after I buying ipo stock I earn money l learn it's excellent know I trade call & put I get profit &loss also wonderful app one of the problem taxes,2026-05-07 17:06:16
dd710d1c-d4e6-4ba7-b882-2b6542cdcbda,5,,good very good,2026-05-07 16:27:27
73bf82fb-9109-4104-a489-f7ce625be2a9,4,,Please implement an alert system for Mutual funds also like share.,2026-05-07 16:04:24
6c269ca3-0559-4d3d-ad0d-8ee97efc3be0,5,,good 👍,2026-05-07 16:00:31
aee5372d-aa91-4bb1-90af-7b7097037048,5,,good,2026-05-07 15:58:32
71dc3206-2bd5-48c4-9114-1fde0dbf494c,3,,Requesting customer support to please reach out to change my number. Thanks in advance.,2026-05-07 15:50:42
139dad43-9d0f-4e19-8e38-5738051fef6b,3,,average,2026-05-07 15:49:13
9fa33f98-c871-4485-9242-f7c92e726265,5,,very good 👍,2026-05-07 15:07:02
8e73ccbc-2870-4067-8113-9bccc0596790,4,,gud . but not very good....,2026-05-07 14:43:14
9dc0f316-ad13-415a-968f-3de97bdc9d99,5,,good,2026-05-07 14:42:41
72c01db9-d50f-417a-ba11-ed414065a597,5,,great,2026-05-07 14:40:24
43c4f79f-9aee-459d-9a70-73554c78144c,5,,🙂,2026-05-07 14:26:22
e2534a4b-9492-4b02-9626-84ef87ab3d43,5,,"nice application one thing need to update,open interest and change of open interest all broker give this . Grow application clear and fast no doubt.",2026-05-07 14:05:28
d5c9f73b-7067-4395-ab5a-825c98eedc81,5,,good 👍😊,2026-05-07 14:03:56
208e5740-629e-49ab-aaf0-3e6ddd2f7cc3,5,,Best app for investment in India,2026-05-07 13:59:01
2f861d92-498c-467d-8049-52f2c6966921,5,,super app,2026-05-07 13:45:32
cdba873f-aaa6-4017-8cfe-c80f69549c97,3,,groww app broker charge kucha jyada hone laga,2026-05-07 13:43:24
76435872-a5a0-4754-a035-06afc05808d2,5,,nice 👍,2026-05-07 13:38:29
5fe478be-67e9-459d-a7d3-14a7d7483472,5,,𝙽𝚒𝚌𝚎 𝚊𝚙𝚙 𝚊𝚗𝚍 𝚖𝚒𝚗𝚍 𝚐𝚊𝚖𝚎,2026-05-07 13:31:57
2adf681d-9cbc-44cb-b5fe-fc0af7cf8ce2,5,,very good,2026-05-07 13:26:20
f7739dfd-7949-4feb-9ece-accbbca0438e,5,,Best and easy use aap,2026-05-07 13:24:42
7719dd32-78e9-4bc1-8426-45bb7c12594b,4,,"I like the app, only 1 thing is missing chart screen turns off Without movement, please add always screen on mode in groww app, for better CHART viewing 👍🏻",2026-05-07 13:23:45
45018f65-c74f-4739-b3a4-6991b03a2377,3,,UNABLE TO TRADE BECAUSE THE STOCKS SCREENER IS NOT UP TO MKT STANDARDS TO SELECT & TRADE INSTANTLY,2026-05-07 13:20:01
0c4c1028-7bd4-48af-a6fb-19b8a7eeffe4,2,,Good but heavy charges and brokerage,2026-05-07 13:14:50
3d7116b0-8665-4261-80a2-19b8434aa917,3,,good but some time,2026-05-07 13:14:28
595a6778-af3a-4bd3-8f70-b317c4a5355f,1,,you fund's are not be able to used by after u sales u product scammer are operating this be safe for this app or fake broker uninstall this app or be safe your mobile or bank account,2026-05-07 13:01:13
27a22fc6-17bd-44c5-8d1e-69d84d07d66a,5,,best app💯,2026-05-07 13:00:46
fa35f493-3e4a-4b5b-91f6-6da3e3aaa12b,5,,super,2026-05-07 12:57:34
25bec4db-1004-49de-9ea9-f40055b3d21f,5,,good AAP,2026-05-07 12:48:46
ac4a02d2-1f9f-49a6-baa9-49481ebc3dc3,5,,very good,2026-05-07 12:41:48
769ac3fb-3d10-4f83-b477-28f0d396adbc,5,,"Ekdum smooth experience hai! App ka interface bahut clean aur simple hai, jiski wajah se mutual funds aur SIP mein invest karna bahut easy ho gaya hai. Beginners ke liye ye best app hai. 5 stars!",2026-05-07 12:07:27
a95adcd7-c91a-4a8f-9bb3-3dc065a1d637,4,,"Kindly show the sector in which the stock falls into when we open the stock name profile.. earlier it used to be a small label at the upper right corner. Please add that detail back.. or better still, Please provide a small Tab or button which gives Some information about the sector in which it falls into, what the company does, what's their moat, their compitition etc.. it would be very helpful if we have such information available at just a click..The app is doing Great work! keep it up !",2026-05-07 12:04:22
8d226e5f-768c-49ce-8beb-9370a5a25fa9,5,,good,2026-05-07 11:53:42
ea44c6d7-ae0a-4c87-8b40-19e0a56f5f69,3,,"How vedanta is showing is 52 week high at 322 price. I can see on 29th April, it was 770. This is how this application works. 🤦",2026-05-07 11:43:39
7ec9ad1a-7caf-4f99-ab6a-6e78a56fe472,5,,good,2026-05-07 11:37:39
d34872c4-c561-4272-aa9b-019d049fbb32,5,,best app,2026-05-07 11:26:52
9cd1df5f-4438-4ec1-b8d2-74d4cc7f8986,1,,"this is one of the worst.. high and hidden charges, worst customer support. don't use grow to grow. if u use the group will not allow you to grow.. mark my words..",2026-05-07 11:24:05
8c46026a-751d-4206-b373-fae58616bc92,5,,vary good,2026-05-07 11:22:12
70d5b180-ac00-4d05-b93e-721b2e0403e1,4,,basket order is not available,2026-05-07 11:10:11
362f64e9-8f1c-43e2-aeae-b429d978eb1e,5,,App provide a excellent and fast service.,2026-05-07 10:57:33
9361a3e6-fc92-455a-bc0e-a9a85fed1339,5,,everything is good,2026-05-07 10:56:36
b608a394-85d4-484f-8751-45e9b378500a,5,,okkk,2026-05-07 10:56:22
292d6abb-9ba0-4a71-bf22-5ffb28cbd52d,1,,"brokerage charge too high, need to switch the app, any recommendations?",2026-05-07 10:51:37
2e2ca2f4-9e47-4ba2-8f69-c2beba759d22,5,,good,2026-05-07 10:41:45
d26a2027-782d-4168-a869-dfc65127e169,5,,good,2026-05-07 10:40:44
c39d4489-b572-4541-96fd-b0fbd8bb5c0a,5,,good with no hidden fees,2026-05-07 10:40:27
443ea72c-57f8-4f62-bb23-cece27a2575b,5,,good,2026-05-07 10:39:03
a54d12f8-7563-4522-ac6e-3cd558bc0f98,5,,good,2026-05-07 10:32:04
8157ecf4-7c7e-43ef-b1ea-73dfe2c8c05a,5,,all good,2026-05-07 10:10:50
fccf1167-60b1-4b31-b6b5-9b9e82a359d3,5,,User friendly,2026-05-07 10:09:03
9eda7b59-4e87-4596-ab7d-0ea2d368fdc5,5,,very good,2026-05-07 09:59:20
40658c71-721f-45a4-8852-cd8075208525,1,,vry vry bad experience.All stocks watching u in Groww app n withdrawal times he not get up. After withdrawal he is sudden up what is this.I watching this many times. do plz do not cheat the people.what is this?????,2026-05-07 09:58:34
8f294740-ec2c-46a6-9364-b472b20f85f6,5,,good,2026-05-07 09:56:29
a01a3f03-d4c8-4ae1-9129-d61aa4fc2cea,1,,bad,2026-05-07 09:52:49
95077ccf-a108-4959-8e2f-7638388fd147,1,,स्टॉक मार्केट वाला एप्लीकेशन है कि बस लोगों से चार्ज काटने वाला एप्लीकेशन है भाई नाम बदलो डिडक्शन रखो इसका नाम soo soo sooo many charges bro👎,2026-05-07 09:52:15
c68d3638-94e6-4c14-8187-660d659e7911,5,,very good 👍,2026-05-07 09:50:40
d91545d7-3f8f-4a30-9e57-209c9856bb86,5,,user friendly.,2026-05-07 09:42:34
5052717b-e704-47c9-80b2-78aad97cede3,5,,User friendly other apps.... Thanks for it,2026-05-07 09:37:30
7eaa3699-274d-4406-ad91-69e2e3f1ae27,5,,♥️,2026-05-07 09:34:13
16a83c53-3fff-48f1-8f2a-6f0a101f7ede,5,,Best Application for me,2026-05-07 09:32:28
1023b3f7-b073-49e5-9f90-ca66f2162d83,5,,very quick,2026-05-07 09:25:57
f723824d-4c00-42e1-9ea7-9bc229e0ac25,1,,app kavie thik se kam nhi karta hai.....limit order karte hain phir bhi turant buy ho jata hai,2026-05-07 09:24:37
5014534f-1b98-4517-93d6-fc2a00dbc445,5,,Good 👍,2026-05-07 09:17:37
224c9931-9bdb-4e85-8d98-a12e0b8f4bb8,5,,nice app,2026-05-07 09:17:01
b58e5311-13a9-4256-98ae-e9b9d5ac1fc9,5,,good for beginners easy to learn easy to invest,2026-05-07 09:14:25
f6cf3981-3b87-4268-9c6e-0ee7922adc81,5,,good,2026-05-07 09:08:06
f59782ea-9662-4b56-9437-1036551913f8,5,,very good and useful app,2026-05-07 08:57:03
47a81b27-1f26-4cdb-9fe4-d42dec243aaa,5,,ভালো,2026-05-07 08:54:54
8a4b5c82-6664-433b-a828-c8497da14b7a,5,,great,2026-05-07 08:41:19
ea410917-8354-4001-822f-86fa97f6f3f0,3,,Nee update version have so many glich....no one chart clearly visualized....I open one chart and it shows another,2026-05-07 08:36:39
2ee69ab1-9e1a-49e5-bd4c-01fb648da9cf,5,,Great 👍👍👍👍,2026-05-07 08:18:26
d7924be8-98b3-43f0-8066-b1e1d8940f08,5,,👍👍👍,2026-05-07 08:00:05
9427d53b-baa4-4d17-aa13-fdcf22d18e78,5,,super app for beginners who want to invest,2026-05-07 07:42:53
79947baa-5449-43f5-8fc0-685353ad766a,5,,perfect,2026-05-07 07:39:59
e162163d-2ede-44e4-a975-a3482d319591,5,,good,2026-05-07 07:37:12
8a667c7a-d191-4d52-b827-165dad6f40b2,5,,very helpful application for those who wants to invest in share market and other commodity thank groww,2026-05-07 07:14:10
3ab78445-01d0-4a3a-ae49-9f56fff81275,4,,mast hai,2026-05-07 07:09:43
f20c5463-d4b0-4131-810f-49985bf47ff7,5,,good opportunity,2026-05-07 06:41:27
72645706-d04a-4656-8766-2a49c4fdef2d,5,,easy to acess,2026-05-07 05:36:27
344a3355-f8c4-46b8-ba6e-eec003b2355f,5,,good,2026-05-07 05:21:18
2320b661-6e18-488f-aa59-10292c560710,5,,good app,2026-05-07 03:48:34
fc88718a-18d5-4ae8-bcf5-3d3ca3ccfea9,1,,seway bahut kharab hain koi download kar invest na karo,2026-05-07 02:59:44
24eb6de6-2d7b-4728-a3c1-4c655ed71ee6,1,,"keeps increasing sell depository charges, currently 16.5rs + gst zerodha and dhan have lower rates 12.5rs + gst",2026-05-07 02:31:24
0bfcd349-3c4d-4ecc-a98f-342dd0b3bfba,5,,good 😊,2026-05-07 01:40:45
a6f50d60-ef9e-492d-952f-3d09d81aada6,1,,maximum technical glitch. unable to connect with customer care.,2026-05-07 01:14:06
310fd8d8-6ecf-4e19-9e07-00798b7405e8,2,,"previously it was good, Nowadays, while we are adding money, it's not showing in groww balance. but in the groww transaction it was showing. money also debited by my bank account. but In the coustomer support, it's replying money was credited to your groww account. it's a very very serious concern!!!",2026-05-07 00:50:57
3045f308-124d-45b8-8164-bd9b93c7eef9,5,,excellent,2026-05-07 00:34:33
865338ac-c489-4434-8ea7-fed0385c8db3,5,,i love This Groww platform ❤️,2026-05-06 23:57:47
61e971fa-93b6-477f-836d-08416e07898f,5,,"good Nice .....,........,....",2026-05-06 23:41:18
a81da64b-cd6e-434c-aac0-3264a38b8927,5,,nice app,2026-05-06 23:39:16
cc9e228e-50e0-4e29-8f73-8b8c4d79dd7c,5,,good 👍,2026-05-06 23:26:51
b7607751-9401-4983-9234-3a7b6132f7bd,5,,vary nice groww aap I'm happy,2026-05-06 23:22:11
b9550e4f-0575-44da-85e3-c57e3c797fcc,1,,Does not provide corrects charts according price too much taxes,2026-05-06 22:57:43
b063e826-36ca-436a-879c-351c16b7c779,5,,intuitive ui. simple and reliable app,2026-05-06 22:16:31
35fc197c-f0c5-4388-837e-c5efb6fcf943,1,,worst app as unable to execute all orders profit turned into loss very bad they will not provide any support only they will charge,2026-05-06 22:03:30
1fb9e949-9398-43c8-957b-7b49cd044623,5,,experience is only talent 👌👌👌,2026-05-06 21:55:23
5598577a-d9b3-4d4d-8e62-b00437ee0eb7,2,,high charges,2026-05-06 21:54:29
81303572-6ff2-4e5a-9a0e-8a5db77bcb4a,1,,"In this mutual fund, the expense ratio is higher than other exchange apps (angel one)or the expense ratio keeps changing daily.",2026-05-06 21:35:42
1ccbda0b-fc6a-4461-9643-778dcf57090e,1,,Customer help line is very poor. When you are dealing with direct money your customer help line should be fast and accurate. Be a more than one lakh crore company be more responsible. 👎,2026-05-06 21:35:14
ff224f28-ba87-4428-9948-5ce11f7be4d5,1,,humne aaj ki date mein commodity mein trade liya hua tha software glej ki vajah se hamen 10000 ka nuksan hua hai Maine company ko call kiya company ko message kiya fir bhi company ko response nahin de rahi hai aur company Ne Bina puche Mera trade bhi bech diya aur jo nuksani hui hai usko lekar company koi bhi responsible answer dene Ko taiyar nahin Hai aur jo bhi nuksani Hui Hai vah log Aisa bata raha hai ki vah aapki responsibility Hai vah hamari responsibility nahin Hai,2026-05-06 21:34:29
35939f86-f12d-4c9a-bcb0-21f3f12bebc1,5,,good,2026-05-06 21:32:10
75860ade-c082-46a1-9846-7f8b0ca29193,5,,best on sip,2026-05-06 21:15:18
4b223144-9a06-4946-9b2b-c8f2f996c269,2,,very bad experience,2026-05-06 20:56:51
8e496fee-db8f-41c3-a866-0c8bad53c1bb,5,,बहुत अच्छा,2026-05-06 20:46:07
2bb35072-81be-44d1-8ae9-715579e5a0f9,1,,"Very disappointing experience with Groww. My commodity order was not executed properly, due to which I suffered a financial loss, and Groww is responsible for this issue. I immediately tried contacting customer care through calls and chat support, but there was no response from either side. This kind of negligence during live trading is unacceptable. Poor system support, irresponsible customer service, and no timely assistance when customers actually need help. Completely dissatisfied.",2026-05-06 20:23:32
d0d58f7e-31ba-4345-aa54-8cd8464bd939,1,,"what nonsense is this? everyday mcx contract prices stuck, who will bare losses? I was executing my crude contract at the rate of 654, it didn't got executed prices are halted and it fell down to 541, mcx doesnt have a problem your app has... if you cant manage options trading in commodities then dont offer. who will.bear my losses??? this happens everyday! if not sorted will escalate to sebi and mcx. your chat agent dont respond! need call back now.",2026-05-06 20:15:20
7503b3b8-f555-4eab-b060-10fd6b0893c4,5,,❤️✨,2026-05-06 20:09:15
c115786c-8566-42dd-9e73-83e224d73d59,1,,60 lakh loss groww don't dounld this app muje mere 60lakh lota do?,2026-05-06 20:07:00
8e251746-a68f-4a6c-87b3-d6fe03455587,5,,Very easy to use for investment in individual stocks and Mutual funds. But you will not get detailed information for any stock for analysis purpose like we get in a screener like app. Mutual fund details are there with their rankings. Their short term and long term performance can be tracked also. Another issue is Customer service number ( always busy) . And if I text my issue only to get a child like feedback from a person who does not clearly understand my main issue.,2026-05-06 20:05:09
c8f0b5f6-46b5-476e-a470-051ad028f54e,1,,it is so so terrible because while using this app option premium has stuck.. i bought all ready huge quantity.. but I'm unable to exist 😭😭😭😭 worst customer support no body replies here,2026-05-06 20:03:21
eae7b196-7eb7-4c6d-a85e-af44c92bbc34,1,,Worst app for trading. the broke gets freeze in the middle of the trade. I faced huge losses due to Groww. Uninstall it,2026-05-06 20:02:45
1bffda66-d2f8-44f1-b250-d23e1d09b195,1,,one hour to not responding people,2026-05-06 19:58:10
440123be-c4be-4fe4-ada4-18cd3b8bf07d,5,,Great experience,2026-05-06 19:54:52
373fc2bd-ca09-4487-b63b-85b1a678955d,2,,Price not Update Real Time Somewhere Stuck.. Especially in MCX Trading...it's all about money not about points..and that look like developers are not serious about customers money...,2026-05-06 19:53:33
773d6042-ac2c-40bf-af9a-f4ea8cb8682a,5,,nic,2026-05-06 19:35:04
22e636ed-ce11-42a8-93c6-83c9717a9743,5,,nice aap,2026-05-06 19:17:05
ae4eb32e-468d-4478-a3a4-55c2d87bbbac,2,,poor service,2026-05-06 18:58:58
ba802dac-d927-4ce5-8423-d63ba6459034,2,,Dont trust this broker...the chart and option chain gets hang and we can not exit even in profit.,2026-05-06 18:54:09
f24dedd1-2bed-49e2-b5e7-73d0f5ed5068,5,,perfect for beginners and professionals ✍️👍,2026-05-06 18:46:47
7586f975-2eae-4afd-875f-04cdcb0d0ae2,5,,एक्सलेंट,2026-05-06 18:29:50
946d4827-133e-4b0d-9190-d3dfb9a3bdd1,5,,very good,2026-05-06 18:15:29
c6a419d7-9361-4523-859c-6e88fb9c860f,5,,nice 👍,2026-05-06 18:01:17
0fd2a850-6be3-455d-95f8-2786b50dac3f,1,,"hang app since last 30min,worst than wrost app",2026-05-06 17:51:04
83a2170e-1eea-4f2f-a595-d73a9141bbc7,1,,worst app... they charge too much...,2026-05-06 17:43:29
8c2ed214-cb93-4ebc-ab37-252dc868fbd0,5,,"Please Lessen your brokerage and increase accuracy for price range of shares and FNOs .If You Lessen brokerage to 10 rupee per execution,you will become India's no.1 brokerage app. thankyou",2026-05-06 17:25:59
57665380-05f4-4b81-afda-cbe3a00bb4eb,5,,be good wallet,2026-05-06 17:21:05
f22e2a1e-3c70-4fda-96eb-4f813f4a7980,4,,good,2026-05-06 17:18:59
938032dc-4198-4681-ad9a-fdb7e4eaabdd,5,,good,2026-05-06 16:55:39
92b92e4a-c5b1-49b1-ac9c-4390842bfe8f,5,,it's an very good platform for start investing and earning 👌 🙌 👍 😀,2026-05-06 16:49:53
e44ab5ed-b37b-443a-893c-754434bbe01e,5,,good,2026-05-06 16:43:53
7cb98da9-14f8-4ffb-83d2-2ae26211a29c,5,,nice,2026-05-06 16:37:45
38dfc2e7-2302-4544-8d98-0e973e77c8ac,1,,"Pathetic withdrawal process for its own wallet. Withdrawal time is unnecessary for holding for 48hrs. You should pay interest to hold customers money for long after withdrawal transactions. After the trade you're taking T+1 day to get the balance available and after withdrawal 24hr , if late payment you take interest from customers then pay the interest to the customer for holding their money. And a BIG FRUSTRATING CUSTOMER SERVICE YOU HAVE. Please help them to learn Ethics on call.",2026-05-06 16:32:07
55afa47a-fe57-4eaf-a701-625f884f1c2b,5,,good,2026-05-06 16:21:54
e8d355f6-98a4-4c4e-ac89-beb4919fac2a,1,,nifty and sensex tab made smaller. difficult to click tab,2026-05-06 16:16:54
d3d20073-b487-41f9-ab1e-4010e5cc4563,4,,good,2026-05-06 16:06:28
d345706a-062e-4f01-a6c0-f2ffc8f6094f,5,,nice,2026-05-06 16:01:06
cdad192d-0669-4d69-a93c-59c0b7c9087a,5,,changes life.,2026-05-06 15:44:54
0db8f8c8-aa5d-46ca-906e-06494a998859,5,,very good service 🥳,2026-05-06 15:41:37
f16f7aaa-ea63-419d-b312-874bb0943325,5,,Best For Chart Show And Updates. 🥰❤️,2026-05-06 15:40:15
1cce9f50-ef19-4e1c-845f-982fe61bdd33,5,,good,2026-05-06 15:33:26
f2d9b990-df9e-4970-8dbf-90dfd15fae97,5,,⭐⭐⭐⭐⭐,2026-05-06 15:33:11
32a064f9-ff77-4355-acef-07d83aa750a0,4,,good,2026-05-06 15:25:05
96fc111c-9617-447e-b0db-784e8db49853,1,,WORST APP,2026-05-06 15:14:12
00e3fafe-0709-4e26-86d2-6d9c6fd39bf9,5,,is very good,2026-05-06 15:07:46
bb55b975-3297-4c8c-a931-8bbde39bce96,5,,gud,2026-05-06 15:00:32
8eaabac0-589a-4b3c-ae01-1b0db4e6d059,5,,very good app for investment i love it,2026-05-06 14:44:26
eb95b360-3741-4450-b63b-dd5588a6b707,5,,good,2026-05-06 14:36:43
8382d50e-af10-4f9b-a007-38d77fe1244b,4,,Nice features,2026-05-06 14:12:31
9eca358a-6220-4758-990d-5f32258998aa,5,,nice 👍,2026-05-06 14:06:26
1a79306e-01e1-403c-b59c-9d5f0f94367a,4,,want 3/6/12 months trading view candle stick chart,2026-05-06 13:49:54
29fc35d7-30af-4f93-ad05-2b5a4eb7c508,1,,"Groww is a scam company. It tells they charges 20rs or 0.1% of trade value, whichever is lower. But they charges more than 83rs in just 2 trade. And their customer service executives are too arrogant, know nothing 👎 overall my experience in groww is pathetic, never recommend anyone to use this scam app. Totally lootera...",2026-05-06 13:41:02
07c9a150-c030-4f01-8e15-70a9f06bf984,1,,kiti bhik magata be tumhi,2026-05-06 13:21:04
7b2c66b6-31e7-4ba7-9623-34332439e419,5,,Bahot achi service hai excellent it's a finominal,2026-05-06 13:14:18
0113de24-ff4e-4f14-931a-6529f4622b9c,5,,Good app,2026-05-06 13:08:25
33731f91-f1cc-4a1f-b1db-e15a8d18b110,2,,"Doesn't work properly when a stock's demergers happens, reports unnecessary loss, while the price reduced due to split of the stock.",2026-05-06 12:51:54
d751be83-98b1-4e42-b3ae-a5ee9fd272f5,1,,"After the latest update, the commodities section has become very confusing. Prices are now shown in percentage instead of actual figures, which makes it difficult to understand real values at a glance. This change has negatively impacted the user experience, especially for those who actively track commodity prices. Please bring back the option to view prices in actual figures or allow users to switch between percentage and value. Right now, it feels less intuitive and not user-friendly at all.",2026-05-06 12:46:39
859ed638-4aa5-463a-8136-59d1be5673b0,5,,it's good and trustworthy,2026-05-06 12:37:35
fd0954ba-f44c-484d-aec5-e6ae5f882acb,5,,Super se bhi uppar !,2026-05-06 12:29:00
272772a6-4144-43ab-9c05-b2718ededa48,5,,good 😊,2026-05-06 12:08:31
993e9482-ab2b-4eab-abdc-ccea5edac82e,1,,chart problem closing candle time not reflect time to time.,2026-05-06 12:07:24
ec156e68-0fac-461e-95a6-55c6c1c7f2a4,1,,nathi levu mare,2026-05-06 12:01:44
63f4ee0b-4073-4f2f-b574-aa2136625a81,1,,useless..,2026-05-06 11:55:25
85141c2d-260a-47b3-b9bc-ad11097e5fe8,3,,does this app support xiaomi pad 7 ? compatible or not ? and what are the charges after 1 year,2026-05-06 11:55:02
ee3a1815-e43f-457e-84cf-9ef6337e3bdf,5,,good,2026-05-06 11:53:58
dd7bba39-7177-42f2-843e-de0d838ca630,5,,good,2026-05-06 11:48:43
65087f5c-7d68-4968-a04f-49afd919458f,1,,worst experience....!,2026-05-06 11:39:24
9d488a67-3fe7-42cf-9c24-ae120c3134fd,2,,good,2026-05-06 11:39:04
fba67e9d-c724-4fab-bd0c-4960489bbebe,5,,good experience,2026-05-06 11:21:11
2d60286e-dfbc-426a-a2bf-77e1ca12b395,5,,good,2026-05-06 11:07:00
aab92aef-0583-4c02-b597-7c755dd0c3b9,5,,nice easy work.,2026-05-06 10:58:57
a04386b1-e81b-4162-b7a0-db9bc657bc74,5,,very nice 👍,2026-05-06 10:56:27
8b1ac6e0-5f57-4a0f-b12a-3b54ac8b8866,1,,After selling a stock its order history is not available in the stock interface as available while holding the stock. Order history should be there after selling the stock. App not working getting hangged. Unable to see holding section,2026-05-06 10:49:35
b2276b5a-ff08-4ae2-a7b8-02937208a6f7,1,,wonderful app,2026-05-06 10:37:12
d547e8ac-6649-44bb-a5f0-125cc615a17e,5,,good,2026-05-06 10:33:26
1e817a1d-bb5c-418a-bfd8-143faa3edcd6,1,,customer care service is very poor and I am disappointed,2026-05-06 10:29:16
ceaa5290-6acd-44bc-9f98-fcfd1ea74db4,5,,mast,2026-05-06 10:23:59
a284681e-6359-4b85-97ed-1d54afb778ee,1,,Best app best app,2026-05-06 10:15:13
59cf804d-d294-4bf6-9a00-9893b2435350,5,,good,2026-05-06 10:15:02
f2b1fe7c-42cc-4ca2-86a7-4f19ee9c1805,5,,good grow app i am trusted,2026-05-06 10:00:42
dde831d4-9341-4cd4-84fe-27679fa49111,4,,charges takes profit,2026-05-06 09:54:20
6d8e350f-8016-4c7d-8f03-669c802cdb82,5,,good,2026-05-06 09:52:34
2b787bd7-55f0-4dd6-9661-d1eddf41d9a2,1,,very high broage 😡😡,2026-05-06 09:46:26
b3985bc4-6707-409c-b37e-da9ee5200792,4,,v.good,2026-05-06 09:35:43
9511c839-ed85-4428-a863-eaa7312132c4,5,,good one,2026-05-06 09:34:13
25e42031-414a-4154-a27b-bbf5cdc8bfe2,5,,very easy and fast app,2026-05-06 09:29:51
8de5ef05-931e-4ec1-9312-974d165a7552,5,,Good,2026-05-06 09:08:25
567bcff1-067b-4b76-b7a1-9cfd4905e543,4,,appgich karta hai,2026-05-06 09:08:19
c67c7e39-c94a-4abf-b7fa-a8a9f3ed2564,5,,reliable application,2026-05-06 08:59:55
b9f1f2ab-62ee-4ede-b0d5-2970661f28ba,4,,please try to add a chart to gift nifty also,2026-05-06 08:43:05
d487a34e-1e4c-4078-9027-50e970052d19,5,,awsome......,2026-05-06 08:29:53
4bda8f4c-deef-49c4-bb94-eb5685b4b909,5,,best app,2026-05-06 08:18:15
1d615bb7-176c-4154-9fa0-5f9f55fd6f8a,5,,good 👍,2026-05-06 08:11:03
d58a78be-7120-4e03-95d0-ccb41b86e199,2,,Ye application bahut jyada.......... lags karraha h.....,2026-05-06 08:10:29
0db6f6e5-3188-4bfb-a1ce-b9087e9ee0b1,1,,its problematic in options trade gives a lot of trouble. it hangs in between. Also lagging in actual prices.,2026-05-06 07:59:02
249a6112-6496-4a98-ba84-f0fb14e9d2e6,3,,super 👍😊,2026-05-06 07:41:59
579d7b3b-06d6-4683-a8ff-701507edc959,1,,Grow support customer care executive waiting time is very long upto 30min 🥲 horrible support.,2026-05-06 07:41:52
2b5d0cce-a195-4b9a-bc22-7648f194d2b1,4,,nice bro,2026-05-06 07:27:11
d7bed045-883a-4954-bdfa-b809121ebd5d,1,,yesterday I lost 4k because of App. Reason: when I am trying to navigate app got stuck for few seconds i tried clicking 2 or 3 times and after few seconds it got responded and result is my shares got soldout at 1 rupees lesser than market price... 1st of all as when sell window opens app chooses always lesser than market value don't why.... 2nd why you are selling below the market price even if user is selecting a price below market don't know why...,2026-05-06 07:15:03
13f7ecd9-201c-4f29-9e19-2aa6177346b1,5,,good app,2026-05-06 07:12:28
2ce602d6-bdd8-47b2-83df-e5f14bcf2153,5,,good,2026-05-06 07:01:49
b60bbb4a-12e5-4758-8954-ab0aec1bddb5,5,,very beautiful app,2026-05-05 23:43:31
459a3bd8-9a9a-4f66-b5cb-5d9c3ebfce72,5,,good 👍,2026-05-05 23:38:00
f59fe113-e5f1-415b-aa09-aba1b9e24a9d,5,,nice app,2026-05-05 23:27:16
392908e6-e6cc-496d-84b9-e6971f86502c,1,,"this adv kills me. foolish adv, repeats many times and when ever the cell phone is opened. I will go to court both on SAMSUNG AND GROW if you don't take immediate action.",2026-05-05 23:05:53
9a0221ea-95ce-4b02-81e8-526590746dd4,4,,easy to understand interface,2026-05-05 22:49:05
9c2eef97-7615-46f2-abc8-8f06578afbea,1,,"this app silently deducting brokerage charge even if the transaction is unsuccessful. people need to pay attention on this. why it forcefully asking to approve autopay if I don't want to, for sip installments?",2026-05-05 22:18:24
2c30c0c1-7256-4493-9a85-b8928dd0ce36,1,,"Don’t use this app. I opted out of linking my mutual funds to a demat account last year, yet after changing my MF amount this month, the funds were automatically credited to the demat account. It feels like they’re deliberately forcing customers to use demat and pay extra charges. SEBI should take strict action against this practice.",2026-05-05 21:27:03
12a7edcb-1eaa-4fc2-befd-fede8231e039,1,,my P&L are profit but brokerage make me very loss. very High brokerage,2026-05-05 21:07:13
64c02927-3c6d-4d2b-925b-bbdf350c3f66,5,,Issue with Account Status – Unable to Access Groww Account,2026-05-05 20:08:41
f5f82d91-8c1b-43e4-8dff-13f37be9a1e7,1,,many indicator not apply on chart . something application not working. it's option chain is difficult to read. some indicator not working after apply on chart,2026-05-05 20:06:13
ad5eb582-d799-463e-bfde-a747d6f6a784,5,,good,2026-05-05 20:00:39
427e2fb2-e4dc-4bb0-b6d4-3b0b85ed9446,1,,v bad,2026-05-05 19:17:21
783d7ce6-42bb-48c0-886b-1d91737c17b9,3,,very very poor responce from your champions despite several request and reminders. Every times says the same answer that is your problems already solved but till today not attended,2026-05-05 18:55:07
65bc2c97-7ff9-426d-8110-4f9988b0e596,5,,nice ❤️‍🩹❤️‍🩹,2026-05-05 17:43:44
246d6187-b0a9-4f20-9be4-3ee3439b48a0,1,,worst app,2026-05-05 17:38:39
fa0add4b-ef22-4b47-9e05-a2aef5c70d59,1,,"Why is there no p and l calendar? and please don't ask me to mail you the concern on your email,I think my statement is pretty clear in itself.",2026-05-05 17:02:48
3d041365-412a-4146-83d0-16e5386a5ad2,1,,ye grow bilkul Farzi app hai kai bar mere order me inhone gaflat ki 80 point ki inki screen recording bhi hai mere pas kai bar inko is bare me avagat bhi karavaya lekin inhone exchangej pe thop diya ki exchangej se bat ki to vo grow app ke leye bol diya ab retailer customer kaha jaye .jab ki dusare app me sahi Chal raha tha no.1 aap ban raha retailer customer kaha jaye .. billkul Farzi app hai. kam se kam 5 se 10 minut ki recording hai mere pas na koi satisfied jawab dete hai retail customer M,2026-05-05 16:46:52
a517bd51-a072-40d5-b2b9-d211777e9c7e,1,,the charges are so heavy and the customer care also bad,2026-05-05 16:46:47
4aa51014-0401-470f-8d74-3dc47d190e21,5,,good app,2026-05-05 15:53:49
05ba81f9-775d-486b-97cc-369c1d42ad7d,5,,nice,2026-05-05 15:47:24
26659add-2e79-4311-9b92-d623e2cd5d33,5,,perfect for beginners,2026-05-05 15:37:36
67c761ce-c06e-41d3-a213-b60ec8662a37,5,,.. first time it will give cash .then.it is a planned platform.... we put call option .. it will increase put options.. such waste of time and money loss...,2026-05-05 15:26:33
11bdf81e-ac9d-41e0-adba-4ae69ca14e2c,5,,great experience...👍,2026-05-05 15:14:18
d0cfed61-1366-4a50-bbcb-b01590fdfe11,4,,boss,2026-05-05 15:08:05
4816e770-8c45-4c1c-9031-920e11a22a0b,1,,Ye ek jua hai,2026-05-05 14:58:05
3cbdd850-44aa-4c2a-9c60-cc3514c4ade1,1,,The worst app most of the time when is volatility in the market It freezes and stops showing the execution and price action and the customer is worse then anything they never gets help from. one single day just because it got frozen I exit from the and re launched it by the time I had loss around 54489 .. They just scam people please it's my request don't go with grow it never helps you to grow go with zerodha far better than this.,2026-05-05 14:40:59
0c16cca8-aa9e-4702-9776-063a6a9cd9c2,4,,good,2026-05-05 14:28:54
efdab465-47f9-4eee-939a-cc1b2ea67b93,1,,bakavas,2026-05-05 14:27:37
0891da2b-5104-429d-a088-a0ff0d1b6994,5,,nice,2026-05-05 13:45:51
356959ec-1b64-4ddc-a20e-c00ac11bbb97,4,,good 👍,2026-05-05 12:47:58
dd084075-c603-4c66-88bf-a67f91112274,2,,"from past 1week am observing hung, due to this delay/hung am not able to buy/sell accurately. this causing me loss. please fix this issue",2026-05-05 11:52:30
120788f6-2fc0-43da-be8d-7327152163c5,5,,Nice 👌,2026-05-05 11:32:10
0e30798c-3f21-42c8-9a0a-0e26c7dc6799,1,,brokrage or taxes,2026-05-05 11:21:33
b5269045-5b9b-456e-ba85-38bda651fde0,1,,I'm very fed-up about this app. I was invested here before two three years ago but suddenly I was unable to log in this app. Whenever I'm trying to login to this app everytime they ask for a new PAN I'd. How many PAN I'd will be have a single person. today is 5th of April 2026 but still I'm stuck here with the same problem till 2024. so guys before investing here think once,2026-05-05 10:43:11
0fc01cd0-b356-4003-9260-dc1d797a03ee,5,,good,2026-05-05 10:23:16
0f8787a6-b3e5-4280-9b2c-e9fdbca1e931,5,,very good,2026-05-05 09:54:49
f6b38c92-27ed-4d55-a3f4-60e19bb26083,2,,chart live kyu nahi chal raha,2026-05-05 09:39:56
8160a2c9-c45a-40bc-93ab-146513d219d2,5,,nice,2026-05-05 09:39:53
2d66a72c-09fd-4191-977a-b82070468e86,1,,stupid app. unable to give pin even before that app goes back to homepage,2026-05-05 09:27:47
c6542b54-1fe1-424a-b345-cf3292a4044b,4,,Great app to use should provide some prior information about equality share like when the meeting going to be held,2026-05-05 09:25:04
9986de20-1b85-4958-96df-2f4e3c0b081c,5,,best,2026-05-05 09:06:52
dcc2fa40-2f63-4984-9b38-a0098f0f658f,5,,best app,2026-05-05 08:09:23
2ac24177-92ad-458e-a2e5-d20fee2801be,5,,best app,2026-05-05 08:08:20
9f6e64ca-a3b3-40c0-80a0-82226abad6b3,4,,Wonderful broker. But charts are too laggy.,2026-05-05 07:20:53
3f40cbea-7eaa-4744-a907-2fe5d015c3de,4,,nice app,2026-05-05 07:14:29
e8de7bd4-ef6d-49f6-9a16-fa17818dcd1a,5,,user friendly and good for new user to get suggestions for stocks,2026-05-05 06:58:31
3f7f0318-4c5a-415f-a206-97c798662bfa,5,,Very nice app,2026-05-05 06:37:46
4f9d3be7-c81d-4786-bb99-d4caee060f4d,5,,a ... is a great app,2026-05-05 03:39:57
94571ea1-1712-4f06-8b07-3794d68836a9,5,,👍 good I like,2026-05-05 01:13:10
ba0dcb65-e9ed-416f-bc74-1613cc68d18c,5,,nice app,2026-05-05 00:49:59
1141cfc9-2af5-41e3-b9aa-8dd12b6eeae5,5,,nice roj ka. kharsa pani nikal sakte h mahine ka 10/20 nikal lo bas,2026-05-05 00:32:19
4f0a96e5-d79e-4660-aebb-aed6858d8847,5,,👍👍,2026-05-05 00:11:37
084107f5-6a22-4e55-88b0-14acbaacfd75,5,,Nice,2026-05-04 23:49:26
1084b238-6d9c-4e28-9e62-3bb426e3a991,5,,VERY GOOD 👍👍,2026-05-04 23:18:55
f2fccdc0-9384-4bdb-8c9b-2ddc0ad14c99,5,,good,2026-05-04 22:33:48
43c44f36-f476-4d8e-83a4-72afad12d584,4,,Good,2026-05-04 22:25:28
9c2a3d76-20c0-4df3-98ce-7f77f8e4ac3d,5,,very nice 👍,2026-05-04 21:46:23
662d44d5-15ed-4aa6-85b7-76436fc9709f,5,,"Groww has completely transformed my investment journey. The interface is incredibly clean and intuitive, making it easy for both beginners and seasoned investors to navigate stocks and mutual funds. I especially appreciate the transparency regarding charges and the seamless KYC process. It truly is a one-stop solution for wealth creation.""",2026-05-04 21:44:11
3325b9cd-1b55-4280-8ce6-4115c59879bf,5,,nice app,2026-05-04 21:30:01
549e1a80-b841-4876-bff7-27d04575ed8d,5,,Good for us,2026-05-04 21:18:33
ba8f088e-299b-4d1f-abe6-71e67a8e3450,1,,stuck at important time,2026-05-04 21:09:05
60ee2cfc-381b-4e99-b3c5-fd90f3e1b271,1,,order not executed as per stop loss. customer support very poor. they will just use the script to respond without trying to solve the issue. they will say they understand the problem but in fact they have no clue how much they have hurt their customer.,2026-05-04 20:20:33
cd7e47eb-74f2-4ca2-b4b1-05694dd7dbaf,1,,"ek number ka bakwas app he, mene aaj 04/05/2026 ko MCX trade kiya app se 247 ko meri buying thi aur stop-loss 227 ko rakha par vo sell direct 147 ko hua app ke technical issue ke karan, app ne mera nuksan kiya he muze app ke taraf se return chahiye paise #groww",2026-05-04 18:47:00
76081474-4f4e-43a5-82a4-94a499972467,1,,"poor quality service Don,t install this aap",2026-05-04 18:44:03
bea6e091-ef61-4fc1-9f11-140d77de0edb,1,,not so good,2026-05-04 18:19:01
b59aec3a-2950-4f18-b95c-dec11d77fe80,5,,marvellous,2026-05-04 16:13:22
6e87f355-8f59-455f-b40e-7e831bf17b70,1,,very bad experience...oder not executed even not cancel .....,2026-05-04 15:51:08
35caab63-8a97-4679-b2a3-d89dfd475695,1,,This is the app to fool the public.,2026-05-04 15:41:24
4004587a-2425-44e0-afe5-8e2d4d3d817c,1,,"Groww is froud app, chart go positive side and call option price go negative side, due to this I lost 300K in 2 month, don't install this app",2026-05-04 15:27:23
81e7aac5-72b3-49fe-9bfe-7e6d83227a4e,4,,too many ads. worst app.,2026-05-04 15:17:13
8f55d5a4-429e-4923-9163-277a47c91b9f,5,,good 👍,2026-05-04 15:05:11
2cbbbdc8-b615-46b4-837d-271a82085a8b,5,,nice app,2026-05-04 14:00:15
8a360070-227b-4496-ba34-5f90659f7ee4,5,,good,2026-05-04 12:42:06
10811a55-d660-4d91-98a3-951d467249b4,1,,very worst app not interested,2026-05-04 11:12:12
4f148760-3f1f-467c-8a52-a2279d4c0d88,5,,best for learning,2026-05-04 11:07:30
0e309136-f758-40b5-a76f-2d72a88a5b76,5,,ok thanks for everything you ok oo,2026-05-04 11:00:24
d36249da-0ffe-4d24-b995-66fdc7c4d8e4,5,,ok 👍🏻,2026-05-04 10:44:47
774c3186-3953-4928-8c07-f687131b5acb,5,,good,2026-05-04 10:44:09
b64c4e5f-df82-4077-8888-adb83466aac9,4,,"there should be option to give alias name to your funds as well. eg: if i am having 3 goal for which let suppose am running sip for some amount in hdfc targetted for Flat . in debt fund i am keeping money for admission, another fund for future abroad vacation . so there is always a targetted amount as well as priority also. i want to keep name to those funds to keep myself clear and help myself looking on dashboard easily. may be just alias name as a suffix of fund name would be helpful",2026-05-04 10:38:03
caab6f4e-45c2-4ec3-bec2-e5adc32b19b8,5,,best for treding and future option 👌 🙌 👏.,2026-05-04 10:33:28
c289130e-2caa-4a2a-b2d9-68130cba3d70,1,,"“You can add money anytime, but for withdrawals, you only allow it on Monday at 10 AM — what kind of rule is that? You take money whenever you want, but when it comes to withdrawals, users are forced to wait. This app is absolutely useless. My honest advice is to uninstall it. The service is completely terrible.”",2026-05-04 10:14:55
b69091a6-c270-416c-a925-8b854dfe19ab,5,,good,2026-05-04 10:09:14
63cb4f5b-a0dd-4708-8f8c-96963bea291c,3,,"After updating app, OI is not being available in option chain.",2026-05-04 10:04:10
47d4fd33-300b-4cb6-953c-0406447c1ae2,5,,it's a very trusted appa,2026-05-04 09:39:49
e5353357-1efd-440f-9073-1cd3b40e903e,3,,good,2026-05-04 08:11:11
5c29352a-cb39-4722-9817-b78d5dc2dea4,5,,nice,2026-05-04 07:44:41
7e46f9b6-8898-42d9-b576-b8e2eb325e19,1,,fake app,2026-05-04 07:33:23
62fae274-fa5c-4f8d-b97e-e7cd7103937c,5,,ok,2026-05-04 07:28:42
a22b270c-18e1-4d1a-8da3-0150740eba98,1,,bad,2026-05-04 03:54:20
34b8693d-642f-42e9-9688-ddd5951b0810,5,,fine,2026-05-04 01:41:42
322f0846-3e9a-47c9-a4e2-d208a2f1f706,5,,very help full,2026-05-04 00:12:23
1e1ae638-6d6b-4b62-a5bf-fbfebc9828ee,5,,best,2026-05-03 23:28:05
9df696d1-9e5e-489a-b98a-e70491796b7f,1,,worst,2026-05-03 22:22:22
17a5ee34-5188-494a-9c94-1c17ee74f13f,5,,awesome,2026-05-03 22:19:35
3aeffb25-bd94-4c1f-8fa7-5c50ccfd7ab6,5,,good app,2026-05-03 22:10:23
f9860aca-e344-432e-a71f-e53f9aedacbe,5,,so good experience,2026-05-03 21:45:59
aabac61b-fb21-4e73-b057-dac20a88e564,5,,ok,2026-05-03 20:27:53
99d9d60a-613c-4a81-ad78-5655c029c61d,5,,ok,2026-05-03 20:15:16
a3c60ea5-3f68-4074-96ac-0ff79478f891,5,,good app 👍👍👍👍👍👍👍👍👍👍👍👍👍👍👍👍👍👍👍👍👍👍👍👍,2026-05-03 18:05:52
a971250b-b6c7-467b-b962-5f67008d3696,5,,thank you,2026-05-03 16:51:58
04bd91f1-8a68-474a-934e-bfb3469f1fba,5,,Fantastic App for investment,2026-05-03 16:32:32
2969b447-d1b6-46bf-9d49-87deee175be1,5,,best app,2026-05-03 16:25:31
7063a0f1-5a4d-4017-9d51-9f746d365260,5,,excellent,2026-05-03 16:23:54
efe37579-0f5d-48fb-a921-5092f2ce1a10,5,,very much best app,2026-05-03 16:17:10
623ab333-b374-4d94-be28-de21c3228015,1,,one of tha stock handling more than one year but now not showing my portfolio..,2026-05-03 16:10:24
d66fdbab-8335-4b44-9f68-e1b6cf5c3a5e,5,,thank you,2026-05-03 15:44:11
2478c3a4-a52a-40f9-a435-e7288aa79ecd,5,,all good,2026-05-03 15:41:19
87abe90e-3ac0-4a04-b4e6-4042555410d3,1,,The assistant does not answer my question properly . They end conversation within a minute . They don't assist . I had mtf related question where i was charged 10 times than usual and one of them just said you requested 10 times . Every morning the unpledged amount automatically got pledged and Deducts my money. Unpledge failed but money deducted but still they can't provide satisfactory answer for my querry. Maybe it's the right time to quit and try alternative . too much charges for beginers,2026-05-03 15:39:57
257ab9af-82ee-4b83-8e2a-2e0ea2561ae0,5,,nice 👍,2026-05-03 14:54:33
d103b400-5acb-4d76-be22-a28c1a75d7b4,1,,very poor contract ke sath sayad milahuvahe by karne ke bad sell nahi hota mere pass order histry he profit me sell nahi ho ta loss ho ne ke bad sell hota he aur vo bhi expiry ke din very poor experience expiry vale din grow me trade nahi karna,2026-05-03 14:20:24
7c0af3ad-ec02-4ad1-925b-923c57eb5df6,5,,Friendly App,2026-05-03 11:48:08
be61614b-4702-49fc-b6e0-e5c497fe10c4,5,,good 👍,2026-05-03 11:41:50
1214ea55-1bc4-4aef-ac49-3e3db4bc4504,5,,Good app,2026-05-03 11:16:53
e8902017-644f-4c33-81ca-7e396456e474,1,,faltu time west,2026-05-03 10:41:43
d8af1e92-fbde-4802-bb0b-5b04d09e0c6a,5,,good app app,2026-05-03 10:19:54
3729b4d5-51e1-4f61-8f88-e2dd4e94a8d8,1,,bad,2026-05-03 10:01:13
51cdcf06-e5ae-4d7b-921d-cfde75072d55,5,,this is a superb easy add money and withdrawal very 1st and osm help support great job growww👍🫂,2026-05-03 09:44:29
37e3918d-10a4-4aa4-99c4-46884e667f23,5,,good,2026-05-03 08:50:56
50ee8157-cf58-4483-bb5f-8acec7b753bf,5,,Nice,2026-05-03 08:38:38
2fa16e2c-4072-48ac-ad2a-7eaeea3236f2,1,,Not Use,2026-05-03 07:22:20
83361c6b-83b3-4306-93b9-2f78507c591e,5,,nice,2026-05-03 06:29:41
7cb21cbd-fe38-4d0c-aef9-0a91b2e41ecb,1,,Help me sir ji.?,2026-05-03 04:34:25
0e71be28-c399-473e-86ed-a00ef6662453,5,,4.8 for a reason.,2026-05-03 00:41:54
ba2f425b-66b3-433d-9847-15a6d7c3b8c1,4,,"The owner and developer should be more open and disclose all the charges, whether be in mf or shares.",2026-05-03 00:30:30
4ea63ca6-e59d-4d2d-8a9f-d8e1975350fd,5,,nice app 👍,2026-05-02 23:13:56
724a40ae-aed3-41c5-87a1-5d98dbc3d608,3,,when it will have update for Scalping mode on one screen showing two chart call/ put and index chart /Stocks and buying or selling from the same chart?,2026-05-02 20:52:33
e8672129-73ff-4353-8af1-16ea4e398d66,1,,very poor customer service - unable to address customer queries. just cut paste response. security is a big concern. your portfolio gets accessed by their other company without any check response to issues raised take a lot of time and follow ups,2026-05-02 20:32:50
5d2fab89-950b-49ca-a681-03fd50e28d4f,5,,Good,2026-05-02 19:45:21
79201fbc-2986-46ee-a48f-d1d6d3324f76,4,,"tradingview ka premium chart features add karo.Stocks me bhi tradingview ki tarha chart se instain buy,sell,SL,TP drag&drop se instain order lagane ka features add karo.chart ke niche jaise position,order,option chain dekhne ka features diya hai aise hi OI chart,pcr vs price combination chart and advance,dicline chart dekhne ka tool add karna chahiye.like sahi app.aur separate915 app rakhne ka kiya jarurat ta, is app ki ander hi old scalper features ko delete karke F&O section me add kar deta.",2026-05-02 17:53:11
cd873fae-c365-4856-8f28-3d65b6f53677,4,,good and easy,2026-05-02 17:08:28
c696bb70-708b-4b36-a1a0-13fd3116c199,4,,not bad,2026-05-02 16:42:13
3a02a82e-bab2-4996-9960-b57eacaf49e6,5,,👍,2026-05-02 16:13:07
43666277-ffb3-4cc1-a958-90208530d22a,1,,service normal no benifit,2026-05-02 15:59:45
87bcc040-f1c6-45b3-a2bd-e6ceb01e0194,4,,badiya hai per better ho sakta hai,2026-05-02 15:44:50
96b79ea0-b23a-44f8-b111-d91576e34251,5,,2 years I am trusted groww aap,2026-05-02 14:44:17
9e6b0ef9-ee3f-401c-88a7-a35c4712d9f0,4,,nice,2026-05-02 12:55:41
db0da848-d410-457b-bc8b-de99a252c8b0,5,,good,2026-05-02 11:29:59
0932fde3-4579-48e9-af5a-0251a8916326,5,,super app,2026-05-02 09:48:40
9836ddd1-243e-42ab-bbd8-da5bc7e99118,5,,THIS AAP IS BEST TRADING AAP,2026-05-02 08:44:39
2230b1b9-2ca5-456e-8548-1be5895e3814,1,,"high charges for delivery, they charge you for every sell transaction even though stock is same .. Other apps dont do that planning to move to Dhan or IndMoney",2026-05-02 08:28:19
9b9fee23-3349-4c01-86f9-136cf28d7b2a,1,,"Groww, you collect a lot of unnecessary data through app tracking and lack transparency.",2026-05-02 07:27:50
4dcf19a7-b5a8-4a5e-8cc2-970cc86c1ceb,1,,groww app ka Mera ID nahin ban raha hai,2026-05-02 03:19:37
eccae43c-f57a-48d3-a082-aae286951f11,1,,Many time you will observe value are different from NSE and they give excuse of net slow and software not updated,2026-05-01 23:39:50
82fa3eb1-9844-4d80-9c6a-1d18ea54f767,5,,Good 👍😊,2026-05-01 23:27:19
7c49b82a-c1ab-4918-ab01-bdc135c424e6,1,,Got fed up with app and it's customer service. They think that the person who are using to their app are idiots. Crashing during trading and hanging in between order placement. No triggering of alerts on time. Despite regular update and installation after deleting the app problems are existing same. Cherry on top they charge highest brokerage among any app available.,2026-05-01 23:17:15
2f78ffc5-19b5-4d7f-94d5-58980c83d802,5,,good,2026-05-01 22:30:00
a263f96e-7441-47d1-984c-a53bc7ccfda2,1,,"This is a stupid app. It is better to invest in Forex market and make good profits. Brokers treat it as if they will get profits worth lakhs. I am telling everyone not to trust the app. Better to invest in SIP, the money will be less in future.",2026-05-01 21:45:57
e90e5877-0737-48b8-9d70-bb83dd77089a,5,,best app,2026-05-01 21:30:04
54ed4ff7-db1f-485d-993a-4d14e66394a5,1,,i dont like this dont show this add offen,2026-05-01 21:28:23
c681ebbf-87d4-49d0-bd6b-1203f805265e,5,,nice app,2026-05-01 21:16:36
ff69a507-fa83-4e93-88d5-8c9f75535a3d,5,,nice app,2026-05-01 21:15:10
2d86b8a1-cfbd-48ec-976f-7f3db62ca57a,4,,is very simple investment of upi,2026-05-01 21:05:09
33d3ad7f-05fd-4582-9382-3cf533d90331,5,,good,2026-05-01 18:59:27
b09c79f7-5a09-4b60-a5aa-7dec3d41ab21,3,,unnecessary charged apply,2026-05-01 18:49:14
2023afdd-511a-44d8-94e9-26f3fa30cc0b,1,,"The customer service of grow is not good, withdrawal option is not available, they deliberately delay our amount for two days vr bad service from groww a friend suggest me for this but no any proper response from groww customer care I never suggest for this application.",2026-05-01 16:47:59
e4953f24-68d0-465e-b5fb-9509abb1721b,5,,good app.,2026-05-01 16:44:14
c628dd62-ca7b-48c0-a561-bd448a8c800b,1,,"App main problem is not giving GTT orders on commodity ( F & O) & in NIFTY F & O you are unable to know about Delta,theta,gamma & IV & it may lead huge losses 😡😡. please follow up on it",2026-05-01 16:13:05
12da4287-c502-4f17-9fc4-bd9b0cf8fc87,5,,good,2026-05-01 15:48:40
67dffdde-f79b-4169-84ff-363614e2c9ad,5,,Add percentage option in scalping target percent and SL percent and amount option not at market.,2026-05-01 15:21:22
00677d6b-0c59-4836-ab63-61a329be7ccc,5,,very good,2026-05-01 14:50:28
88786103-bb3e-4211-b4b7-871fcd41d17d,1,,groww service day by day is growing to worst side.your hard money is deducted without any proper clarification .they are just fooing to peopes so please avoide groww ad ita time to switch to new platform.,2026-05-01 13:09:54
8ae70cf8-948e-4fdf-9a1c-6a1285f36169,5,,best,2026-05-01 13:06:10
f8b59309-37e7-477c-bf89-403988194ab7,1,,very bad service and charts,2026-05-01 12:59:31
4e1f82ec-8918-42d1-9d9d-b410e100e10f,5,,it is Very Good App 🔥,2026-05-01 12:43:21
9ad7e189-b162-4cd0-93bb-77650cccc28f,1,,very much dirty app comes in phone again and again,2026-05-01 12:35:39
bd33d06b-30bb-44c4-8469-8f8e4c411714,5,,very nice app,2026-05-01 12:24:12
28ad834d-7288-45cd-b9b6-137ce1c98184,5,,"Hi Greetings, Groww can add one more feature to its customers/partners. ie., there should be overall picture of combined stocks and MF's returns & invested.",2026-05-01 12:22:11
633f94be-c682-4d3f-93d6-bd63259cbb3c,3,,all are good but there is one thing missing that is layout...,2026-05-01 10:42:02
9be73262-17e9-44b9-b18b-59fb74f1462e,5,,best policy app,2026-05-01 09:55:15
32815824-6131-4030-b25d-3ba3d6838b03,5,,thes app is very nice,2026-05-01 09:31:05
b7fb0de6-e1a9-4d73-89fc-7c81bc391516,5,,trust the company,2026-05-01 09:26:35
23541f61-8b06-4944-b60a-19caff349425,5,,no.1 groww stock,2026-05-01 08:56:52
fceb3a3f-49fb-4d8d-ba8b-8853c2a47d7f,1,,bekar hai ye app,2026-05-01 08:55:06
5304124e-c42b-4dc8-9013-ce1e58ac9741,5,,best broker,2026-05-01 06:30:22
44b06b32-4073-43bb-86a2-8d3b6317a4a5,5,,super,2026-05-01 04:30:44
a2b5f44d-c087-4f0f-b3fe-4f15b3da74f4,1,,"recently u r app quality has deteriorated vastly, app crashing, groww balance disappearing and loading after 30min , MF sip auto pay not working, stock classified incorrectly, tax implications not mentioned for many mutual funds.. most annoying is ur support team closing tickets without remedy and with answering to the query just pushing the ball to our court saying I called u , but u didn't respond. either I respond or not, issue is clearly mentioned, they just reply it is resolved or wip",2026-05-01 02:42:16
19474a14-4d79-4d9c-9d6e-df5071ef89ba,1,,my order didn't executed for 10 min i tried and tried chat with their help support and they placed when all profit gone . I loss my 16000 profit give it back groww it's all your fault,2026-04-30 22:55:02
c03663c0-04b4-425c-aa7a-b314ab2c4506,1,,"⚠️ Beware ! Scammers and fraudsters. they won't allow to exit open position in commodity futures and options if you're in profit, they will suck all your hard money in the name of technical problems and glitch. Never ever trust Groww and its parent company.",2026-04-30 22:33:07
a7945ed3-efa5-47df-8564-35fffba69faa,5,,BAD,2026-04-30 21:17:51
80cb4960-d414-4014-99e2-d468480c38ba,5,,"I’ve been using the Groww app for a while now, and overall it delivers a clean and beginner-friendly investing experience. The interface is simple, intuitive, and makes it easy for new users to start investing in stocks, mutual funds and easy to add or withdrawal money",2026-04-30 20:51:33
efbd582c-80ce-4b51-aecb-f5eede2bf06d,3,,The taxes and brokerage is costlier compared to Dhan and Zerodha but the smooth experience makes me forget that and it makes me wanting to stick with this app for trading but thee only thing which I fit is missing is 1) the trailing SL and target directly from charts(like the ones in Dhan app) which makes quite easier to trail both SL and target levels. 2) changing between stocks which are added your personal created wishlist from charts itself.,2026-04-30 20:36:37
a457737b-d99a-4ad1-aeee-c1956ed1fd76,5,,good,2026-04-30 19:05:46
5a04caeb-f392-4714-9c83-cb9920dee87d,1,,boring,2026-04-30 18:43:49
8671e144-1fb5-4661-859a-ecf7d7aa7faf,1,,brokerage charge high,2026-04-30 18:35:24
5872b624-f79d-40b0-b6ba-fc144baa8a10,5,,This is the worst service by grow. During trading time how can this happens. Grow doesn't open since a hour. Who will pay my loss?,2026-04-30 18:31:47
b942514f-86de-421a-959a-4a747f1aa060,5,,it is a very good app it is very useful i like it,2026-04-30 17:57:16
2d0a78cc-58ae-445e-b440-f9e770a5e2d7,5,,best investment experience,2026-04-30 17:51:37
e4938947-ec48-49e7-a591-13d8dbae277c,5,,Very Good,2026-04-30 17:23:54
4a21e4a0-cbe5-40d2-b9f9-63e1a1b73eea,1,,charges so high,2026-04-30 16:38:09
010fbba6-bae0-4f12-a15a-d87b790792a7,1,,"I have lost my life in this app, I lost around 35 -40 Lakh rupees in total trading F&O. i completely became obsessed with this but no matter what I take if I pick Call and wait it goes put if I wait for put it goes call. Don't ever do F&O I have a family and lost job and life due to this app",2026-04-30 16:00:19
a9634a50-257d-4205-a1bf-c7bc640fe7ce,5,,good,2026-04-30 15:26:14
e3e06acc-6e07-4ed5-8ca8-ea472d317a1a,1,,"there is a glitch in grow. check adani enterprise share price in google , then check in grow.😅😅👌👌. time frame ""maximum""",2026-04-30 15:22:39
4020ba13-81cc-42d8-bdd1-f7ffb881e928,1,,worst experience! I lost lots of money due to late execution. outdated features with high brokerage charges.,2026-04-30 15:13:47
91c31330-bdfe-4932-ab70-d056887d5f98,1,,"Don't download it for stocks etf OR intraday, worst. for SIP it's okay u will work very hard to trade groww will charge a massive amount of BROKERAGE, after BROKERAGE no. of additional charges. just Don't don't download for daily trade instead go for other broker apps groww's UI is also too much navigation",2026-04-30 14:23:12
8a1ca9ee-8f39-469d-9f9c-2f64f798baa4,1,,instead of wasting money on advertisement you should invest money to improve your apps UI every time i try to open charts like stock or index chart it take much more time to load and mostly it says enable to load the chart,2026-04-30 14:19:33
74fd38b8-1ac7-4351-ada5-3ddc7ad6f9f0,1,,so much glitch in f&o trading even after calling to support team!,2026-04-30 13:31:08
2394eb58-5c98-4698-b5ba-a42cc78503dd,5,,very good,2026-04-30 13:26:17
daf22d47-7831-445a-aace-5c3c83e27720,5,,love you ❣️❣️❣️,2026-04-30 13:17:43
67382892-7ab3-4014-b8f3-8f351327b281,5,,yah app mujhe bahut hi achcha Laga..,2026-04-30 12:43:58
96f0ab1e-9287-4ece-8385-a86afc4e1bcb,3,,when I suppose to sell it for example 135 and it is on 134 it doesn't sell and today that's why I got 2000 loss,2026-04-30 12:31:31
b4c8eba6-9a83-4f7a-990e-7748db63197c,1,,groww app ver bad experience 😞😔😕,2026-04-30 11:57:41
e2b7a38b-d537-47f9-9ed6-f317fd517323,1,,इस app मे कोई grow नहीं करता धीरे धीरे करके आपके सारे पैसे गायब होते जाते हैं आपको पता भी नहीं चलता है,2026-04-30 11:38:08
85549522-37cc-4cd5-bc38-9301f88898e6,5,,good 👍,2026-04-30 11:15:25
602518bb-46ba-4fce-9c49-24272a38159d,5,,very useful app for poor people,2026-04-30 11:10:49
d67dc239-ac64-4a9e-a60a-e16ff1c7cfb4,5,,oppo apps nice,2026-04-30 11:09:41
50794f9c-6fa8-42e6-acd5-f8f2b0744add,2,,showing the wrong track history and portfolio calculation which makes it hard to analyze my investment,2026-04-30 10:55:24
d46f020d-ec59-4435-8a90-d01ce8d132b8,1,,worst update till date,2026-04-30 10:13:05
2d50a5ec-4945-49a7-a465-dc92826ed4b4,2,,extra comission,2026-04-30 09:43:48
77766699-78f1-4112-b97f-6f82b18c9cbc,1,,slow execution thoda kam marketing khrach karo instead make the platform fast and responsive groww ho nhi Raha kahi tum log bhi buju jesi halt na ho jaye,2026-04-30 09:15:02
7281cd9d-ac19-407a-bf11-fa9d9801491f,5,,nice app,2026-04-30 07:38:43
e994300a-fda6-42c1-9b5e-315f8f9810a0,1,,fraud app please don't use I am also facing problem,2026-04-30 07:23:15
4fd863c9-f3de-4c6a-ac83-8b83230d7c4e,4,,very good 👍😊 app💝🎀,2026-04-30 03:31:57
4e5b178f-c58c-4af8-90a0-a44a7b333d39,5,,Good 👍,2026-04-30 02:39:15
5e3819e6-4254-4ab3-92c7-4509d5cd1ea9,4,,all is topnotch but sometime it doesn't trigger set target prise.,2026-04-30 01:19:47
b72ea46c-07b8-463e-aa00-a267197267c9,5,,i like it,2026-04-30 00:57:38
34c4f235-d1fd-4354-9217-498e37a0531c,5,,Nice,2026-04-30 00:47:21
e29f4837-9a79-43a3-a20a-780b9bd153a2,5,,best app,2026-04-30 00:06:01
df3abaec-a9a8-4d16-a5de-d670d6e397b0,1,,in grow app trading view chart is not working(9:15am to 3:30pm) . slove this trading view chart problem.................................................................................................................................................................................................................................................................................................................................................... ........................................................,2026-04-29 21:47:25
5f875913-af62-434b-a18f-d023d6f9722a,5,,India's NO:-1 stock broker,2026-04-29 20:57:51
7e4802f3-e761-428b-9378-7044b9af928f,5,,good,2026-04-29 20:50:36
1f4cf4a8-b868-4cf6-954f-f745ebffac9d,5,,best,2026-04-29 20:45:47
5e866fef-1f51-4189-b86c-aaff30fae938,1,,"Pay Attention to the prices and your money while trading on this Groww App. Multiple Discrepancies, lags while doing Transactions. After settlements, they deduct more amounts. The Auto-Square off didn't work and the intraday trade was dragged beyond 3:20 Auto-Square off time. Many Transactions look shady due to Discrepancies. Customer Support, app calls and emails, is Worst. No Resolution, help, ETA, or Support after numerous attempts. Better use a different reliable app.",2026-04-29 20:45:06
e9b69145-9eb5-4c8b-addf-3f498698ff8d,5,,nice,2026-04-29 20:13:47
78da6a5b-eb96-4e0a-b200-d07b82293790,1,,Irritating and irrelevant,2026-04-29 20:02:14
006a97a9-e259-48c0-8f49-9339f0c6d8c7,5,,very good this app,2026-04-29 20:01:37
dd570bf5-7d6f-4b3f-ad15-7d7bf554261d,5,,great app,2026-04-29 17:11:42
c8278c82-269e-486d-8774-df7771adfd18,1,,The app structure for daily adjustments in wallets is not better and not showing the charges and daily trade details properly,2026-04-29 16:32:09
be4e1810-96ec-4aa4-9ff7-94f2c5a08e65,5,,👍 good,2026-04-29 15:47:15
0f5b21b2-5dac-4531-8e1b-8b99b19b5005,1,,waste app,2026-04-29 15:46:41
cef4ace6-d556-4f04-b703-f22621ddf565,5,,so good application,2026-04-29 14:35:00
cb1cf5e5-53ae-4d02-9439-4bf3af11a244,5,,good,2026-04-29 14:04:13
f7053efb-84d3-4d28-ac6c-42d9db4235ff,3,,nice,2026-04-29 13:47:53
0f648e1c-81e1-4e25-a0df-e8d7254e2f79,3,,"I Like the App, Please Include One Cancel Other Order (OCO) Feature for Delivery Trading.. and I Want to See the Sector/Industry Performance by 1D,1W,1M,3M,6M,1Y timeframes with Sort Option, and Historical Data (Previous Days Daily Percentages)",2026-04-29 13:44:37
11b55e7b-6e57-4f28-8e5c-22f0001d4d04,5,,I want 2 chart on single screen,2026-04-29 13:23:47
f9da541b-c0a4-4d05-bd27-4dcb0999ee4c,5,,very nice 👍,2026-04-29 12:51:52
ad0e4263-1561-4d67-8126-786f197d8122,1,,froud app hai brokrage bahut jyda leta hai,2026-04-29 12:46:34
6a03b11a-744a-4986-8383-c3271bafac43,5,,fantastic,2026-04-29 11:46:52
5a992744-7830-40e6-a70d-c36024371529,5,,good 👍,2026-04-29 11:26:54
8450648f-26c1-4974-92c6-f5b3dffa1b13,1,,Every day asking update. index expiry day asking update. Always asking update. particularly when taking order,2026-04-29 10:52:05
92315bb2-f521-4689-b6c3-753c728ce25b,1,,"I added ₹1200 to my wallet. The stock price was ₹1171, but ₹1180 got deducted, there are too many hidden charges. The charges should be shown in the app, right? Why doesn’t it show this? This is not good. I thought I'm making money but instead I lost money with the hidden charges...agar negetive stars hote to wohi deti",2026-04-29 10:25:49
abb215f3-607d-48e2-bbfc-25e2b75bcc27,1,,It is at number one among the worst brokers. 🤢🤢🤢🤢🤮🤮🤮🤮🤮🤮🤮,2026-04-29 10:09:34
f1f1adf7-b34a-4f43-8922-d3b097764a3d,5,,Super,2026-04-29 09:41:55
98e7d487-60cd-4703-8c5a-3c7d1c9b2b29,5,,Simple and Simple Use,2026-04-29 09:32:38
f9386ffc-32ec-4ef2-8927-21e43c49769f,5,,👏🏼,2026-04-29 09:22:36
44068000-baa9-432e-925a-9a0fc0887bf7,1,,Fraud,2026-04-29 09:20:39
2a0130c0-76ca-4868-bfc2-694b37d0fb4d,1,,i use grow app is more than 5 year but now grow is very bad and irritated app because i trade and app is not working properly slowly and hang very big bug not exit very early and much issues now i wil losses make to this app is bug ....so now some day i thinks is app owner game ...so plz not use grow my 5 year trust will now end ...i uninstall this app...very very very very badddd and you ask to AI answer is worst app for trading.,2026-04-29 09:07:42
0e3f1b85-97ee-4da3-93e3-d46f36597e8b,1,,bar bar update kyu kerna ped reha h,2026-04-29 09:05:15
6560e7f2-9e37-4463-8eeb-619b3c4972bc,1,,worst app customer service is worst,2026-04-29 08:54:58
612d5996-9eaf-4ad9-a4a5-d4e29ac92a27,5,,nice,2026-04-29 08:33:40
2ff8ba5f-0621-41d3-ac07-03c8d54bad97,5,,india's no.1 stock broker,2026-04-29 08:24:53
470f9e73-1481-43c3-ad69-03be3c3effad,5,,"Initially I was using three apps, Zerodha, Angelone, and Groww, now I use only the Groww app, All essential features with just one touch.",2026-04-29 08:23:50
33feba71-778d-4a68-b52a-a2d21da0dfd1,2,,"I am very disappointed with Groww. The platform charges high fees on almost every transaction, whether the investment amount is small or large. There also appear to be extra or hidden charges, making it costly for investors. These high costs reduce overall returns and make the experience frustrating. Groww should improve transparency and lower its charges to support small investors. Currently, it does not feel user-friendly or affordable.",2026-04-29 08:21:40
ed95a2d3-a29f-4a80-a1d8-341f1af88aa6,5,,excellent,2026-04-29 08:12:06
15093eaa-6675-4313-b457-9ac01ff7565b,5,,nice app,2026-04-29 08:09:45
d3473c24-21d0-4115-bf86-46a03b2adb35,5,,ok,2026-04-29 06:59:17
9e37f7a9-4cc4-485e-9c31-6a434cdd78a9,1,,"iske mutual funds k paise apne aap kat jaate h. ya to ye ya fir inka staff krta hoga. par jhelna to hame h. mere kai saare Mutual funds k paise nikaala liya h. upar se nahi customer care se baat ho rhi or nahi complain pe kuch ho rha h. kindly resolve it & take strict action on it. otherwise no one will use this aap if you will cheat people. agar mere paise wapas ni hue to i will handover it to police. saare fraud hi h, customer support number pe call krne k baad OTP mangta h. How can I believe",2026-04-29 06:50:31
d22e838e-2a7a-4d1b-9aeb-1e06c14af176,5,,best app,2026-04-29 03:01:15
530c37ff-cbc6-4e96-9d56-5ae4d409c1b6,1,,"don't use this grow app ,,profit ka 60-70% brokerage kat tah hein ,,,I am a stock trader since 3 yr I switched to grow and total fraud app with extremely high brokerage,,,,,never use this app anyone",2026-04-29 02:44:10
72d47db0-f72e-4c9f-8d91-f7111f404a4f,5,,best,2026-04-29 01:35:22
4f91b02e-9c74-4b0b-bd6b-28d37d2886cd,5,,very good,2026-04-28 23:55:58
9fcd11ec-054b-45e8-98e4-546651e6a406,5,,super,2026-04-28 23:45:21
c8908a2e-3192-4003-92f6-e18ad7dcfcfd,5,,nice,2026-04-28 22:43:07
8a2805ee-58d0-4758-bb2d-653be52f74a6,5,,iam Very Happy,2026-04-28 21:20:27
e0343f8e-8c1a-4f16-ba1e-2b3611beb58b,5,,सिम्पल और सही है,2026-04-28 21:11:54
d4d34364-8176-4ecc-be7d-7edfc67bb0c2,5,,this aap very nice 👍 long time investment then long term benefits 👍👍,2026-04-28 20:33:12
1a7d4112-9032-4870-b8c2-ba955cc6375e,1,,slow speed & update on app for f&o as compare to Zerodha app. zerodha is faster execution compare to groww,2026-04-28 20:26:49
e2a8dbd1-7be0-4198-a248-3680528fbc87,2,,Best app for trading,2026-04-28 20:16:49
d621fc0d-12b8-4c1d-9dff-2b55a9412921,5,,very nice app,2026-04-28 19:48:37
c570f930-7cf0-4768-979a-114c87a01963,5,,good,2026-04-28 19:32:05
4377e378-e040-4460-a079-b472555028db,5,,good app,2026-04-28 18:57:21
0bdce124-5f30-4f4f-b8fc-2fefeee40d43,1,,Broken since last week,2026-04-28 15:42:19
88fe703b-58ce-4880-8163-24ec127f8b5a,5,,sa keq që,2026-04-28 15:27:22
71f492fb-04a1-41d4-a481-c95635e30aa8,5,,bahut essy or best app h ek baar try jarur karna,2026-04-28 14:17:00
c29ec966-a77b-4495-a958-828ae293237b,1,,chart doesn't moving,2026-04-28 14:08:53
f5c6ab21-00bf-41f3-9d96-3ddd3dc43cb9,1,,app is not opening...........third class app.. don't trust....,2026-04-28 14:05:36
328d0590-7320-4de0-bd52-e962bae08b22,1,,sabse gatiya app h jab bhi profit milta h hang ho jat h phir achanak loss dikhne lgta h aur stop loss work nhi karta h aur bda loss ho jata h ya to app m koi solution nikalo varna m court m case kar dungi isse pahle bahut problem aayi h kai baar complain kar chuki hu lekin koi solution bhi nikala abhi tak last time h ye 😡😡😡🤬🤬,2026-04-28 14:03:27
401c04ff-a3b4-4e8b-9357-207122828d1e,1,,its irritating ....files r not opening.,2026-04-28 13:43:41
7c5c06e7-ec2a-4472-86c0-4252a7c0da45,1,,poor,2026-04-28 13:36:18
cfcd513c-bae9-4684-9f80-9589bc5d42c1,5,,good,2026-04-28 13:23:36
11ba0ff6-9a04-4d33-9d5b-241db2198cff,2,,no support system for customer... very bad service... jb dekho bs ticket raise krte rhehte h... tickets kabhi resolve nhi hotti inse ... ab is comment k reply me bhi ticket no. puch rhe h🤣,2026-04-28 12:43:05
20ab69a8-2e3c-4a63-b53c-76753d60cf13,1,,huh,2026-04-28 12:37:17
a14991b5-d0a7-43d7-b567-435ca241d06c,1,,poor customer service,2026-04-28 12:22:07
2c385139-4cfa-4401-a4a0-21beac9dffe6,5,,best,2026-04-28 11:07:51
212f14fb-1fdd-4938-bc0f-e592e24afd63,5,,good,2026-04-28 10:38:16
670cff10-4ac6-472b-9b3f-ea2d3192e68e,5,,"Minimum 3 updates in weakly, then neither proper depth is shown nor chart, day by day service is getting lost",2026-04-28 10:12:46
4dfd32bd-5523-4f55-ac81-8508ffbb643e,5,,good 👍,2026-04-28 09:59:41
ee8cb63a-b58c-4dcf-b9e7-e33881828403,4,,Good,2026-04-28 09:45:14
f7a81383-7a68-4c10-bd6c-525322e97f1f,1,,"They charge too much! Almost zero profit. Not recommended! One more thing: You can't withdraw your money after crediting your groww account, unless you've have used that money to trade first, (suffer gain or loss) Only then you are allowed to withdraw. Simply put, your money is stuck the moment you transfer it there.",2026-04-28 09:45:11
b71c0c82-c4c2-4bc6-a7a0-94f7a7893df4,1,,I am using your app since 2023 regularly in f&o and i am very very disappointed about yesterday around 27/04/2026 3:15 there was a glitch in your application because of this I couldn't able to exit with 24350 call. This is horrible. Now I am unable to continue with groww any more,2026-04-28 09:42:42
d77f8fee-8fd3-42c4-9e45-8a7ff0b23e80,1,,"profile analysis is not working sold stock is Also showing, as a holding kindly fix",2026-04-28 09:36:55
56ad05b7-e675-4c92-bbe2-5f92fd62a1d3,1,,too much brokerage I do withdraw but still when I try to delete/ close my account it shows you need to pay 0.17 rs what the hell was that? it's not even brokerage charges,2026-04-28 09:35:16
f9670da6-00a6-4f80-9621-bc9fe1e74fe1,1,,"Extremely disappointed with the GTT feature lately. I've stopped receiving critical GTT execution notifications, which used to work fine. Despite raising multiple complaints, the issue persists. In trading, every second counts—this lag is unacceptable!",2026-04-28 09:27:28
cdb5b3d9-dc08-4cdb-be96-1b100e7a3b32,1,,"behad ghatiya app, aur usse bhi ghatiya hai iski costomer care services",2026-04-28 09:03:43
011014ac-4f0c-4596-9dae-726ad5435481,1,,giving every month update got irritated,2026-04-28 08:58:48
e5548a15-d25a-43a0-a9ee-286aaacfb44f,4,,App are good but i can't add monney due to technical issue,2026-04-28 08:46:33
83e043ad-ff5a-4b03-a7ac-14e7be0612be,5,,Best,2026-04-28 08:40:20
30c8e662-cbb2-4130-9eec-7a93903adb99,5,,good,2026-04-28 08:19:50
204265dc-ce30-48fb-8089-585cd7c03bdb,1,,ghatia application.......,2026-04-28 07:46:33
cbc1aa9b-f707-4169-bc9d-ff4951e99c8d,4,,grow app is giving good insight as well analyse of your investment,2026-04-28 06:47:05
1e6f9795-4062-4b88-a580-37c0849ddc34,5,,india namder one but tis is not open in trade view,2026-04-28 06:00:38
e79f0047-4363-4c63-8a2a-0198991d1be7,3,,owroll best 👍,2026-04-28 00:57:29
92121b76-fd09-45ac-8725-a3f3b8c4da9c,3,,I feel good,2026-04-27 23:43:57
05bb6a8c-7706-4b01-8bed-51a1516e6394,3,,"@groww, this app is not working in landscape mode, please try to fix it. overall good.",2026-04-27 23:33:20
5a06dea1-d998-49c4-a015-4f93b4052a40,1,,fake,2026-04-27 23:21:52
d868d35d-efc5-47c6-8c92-d9596ae51d04,2,,Not as expected. 1. Unable to find all report at one place. 2. Not able to show MF linked with Groww only once you had extracted your external funds. so you can't check performance of your MF purchased through groww. 3. MF can't be adjusted as per your own will. Supposed if you want to change your SIP from monthly to weekly it is not possible in grow. 4.,2026-04-27 22:28:24
b8c593d0-3db7-42e0-bd93-92b36a8d8ea2,3,,They keep showing bugs like invested amount to 0,2026-04-27 22:10:34
5c651ffc-6f88-4979-afa1-31315e41c188,4,,Logout to be add on home screen.,2026-04-27 21:25:19
91df0bf3-0292-4f3a-b172-891d6c027b14,5,,fantastic 😍,2026-04-27 21:09:29
2ed3f8a4-8a08-47b2-a45e-6a8cb03b7ae3,5,,very good,2026-04-27 20:47:51
310e4e79-a67b-4d4b-a77c-208f0411e9e8,5,,msat,2026-04-27 20:44:36
635f7ff6-17de-4ee0-a1df-52c0728b3b86,1,,I'm using this app around 6 years... Transaction charges are very high as compared to other apps & execution is very slow .... Kindly reduce price otherwise lots of people quite the app,2026-04-27 20:12:07
abaf7f81-b70a-4d08-beb9-9bf85ea3c415,5,,sk nice app,2026-04-27 19:51:55
ae87721e-15db-4a76-ad19-23b471a3ca96,1,,"Very poor experience with Groww. During market hours, I was unable to exit my position manually even before 3:20 PM as the app was unresponsive. My intraday position was then delayed in square-off from 3:20 PM to 3:25 PM (as confirmed by their support). In those few minutes, my trade went from 927 profit to 2000 loss. In intraday trading, even small delays can cause serious losses. This raises concerns about platform reliability during critical times. Please consider switching to another broker",2026-04-27 19:48:33
ad2f0d72-d970-43c5-aaea-63436f3eba8f,1,,ग्रोव ऐप ऐसा खराब ऐप है जिसमें कई तरह से पैसा बर्बाद किया जा सकता है लूट खसोट ऐप है आप ट्रेडिंग कर रहे होंगे प्रॉफिट होने वाला रहेगा परन्तु एक्जिट ही नहीं होगा जब तक आप लॉस में चले जाएंगे मै 5ईयर से ग्रोव ऐप चला रहा हु मेरे साथ ऐसा ही और मेरे करीब पहचान वाले 20 लोग चला रहे थे अब सब ग्रोव ऐप को बॉयकॉट किया । कभी भी ग्रोव ऐप मत चलाओ,2026-04-27 19:01:08
b1003276-c71d-4ada-91f1-81e32129bb1c,3,,please dont use MTF. please dont use MTF,2026-04-27 18:30:49
e95bafe2-6585-4e55-8f25-630318fd19f8,5,,Great 👍,2026-04-27 18:25:33
daf8a09c-9751-4619-87f5-256c84830805,5,,nice app,2026-04-27 17:54:56
6b681753-622d-4cb0-ad29-09a32780b64d,3,,"the app doesnt load and currently just not able to use the app at all. not able to connect to support either via chat or phone, or email.",2026-04-27 17:53:14
677d5ce1-0a29-452a-9431-07394a58a1c5,5,,nice,2026-04-27 17:26:37
d38048e7-93d6-484f-b8c3-299625e348dc,1,,Worst Customer Support Service There is an issue with return values,2026-04-27 16:54:23
eb4f65fa-e477-4dbd-857f-2bd06d426c5b,1,,"Bas app, be careful. Non supportive customer care. Maximum time number not connecting. Call cut down in between conversation if somehow connects. App frequently crashes. Today it crashed when I tried to exit from F&O and it doesn't load data. Throwback errors. Due to which I got into negative money and market closed and my money put on hold. Now, tomorrow is expiry and all premium will be cut out. I lost money. I am definitely uninstalling this app after collecting whatever left with me.",2026-04-27 16:51:41
81af1aea-b040-4f17-9e0f-af05cb5dd982,1,,High charge delay exit technical errors,2026-04-27 16:46:30
f6c66a20-7a01-44f6-a296-590a997b1381,1,,one of the worst experience today when I saw the mutual funds holdings amount wrong. I don't want to continue with this app anymore. Every now and then the app shows wrong data. I have lost faith in this app. Now u guys have made MF demat based which is difficult for me to shift.,2026-04-27 16:32:23
98e11327-d73a-4149-a184-2a9430591567,5,,"india number one top broker.. very fast, simple. many many thank you Groww",2026-04-27 16:28:41
e5d311d5-5bb5-4570-993f-93a95f105195,3,,"Great app! please add complete charts for 1hr, 1D time frame, currently it shows only 3 months data. which limits analysis to a certain time frame only",2026-04-27 16:28:08
eaa3d0a4-97f0-4f8d-a7d8-c3b217f7d29c,3,,The customer support service is quite poor; please fix it.,2026-04-27 16:20:56
8fd24ada-c029-4bef-b374-2e76af422869,1,,"it's the worst, I was investing for like 13 months in two SIP's and cancelled one of them today but after doing this my dashboard is showing less than 50% of my invested amount. Before cancelling one of my SIP my dashboard showed 5000 something and now it's spinning only 1000 something. I wanted to raise this query on their helpline but their chatgpt isn't working and also whenever I try to call on their helpline number it always does it's busy. So if you love your money, keep it away from groww",2026-04-27 16:18:43
91c2b868-831a-46ee-bf19-e4930f67544a,2,,costume cair problem,2026-04-27 16:17:48
e278613a-6f36-488b-bd53-5f14159fc4fb,1,,"very bad app, iski galti hoti h aur loss customer ka hota h, aur koi b sunvai nhi hoti, ab mein dusre plateform me shift houga",2026-04-27 16:16:00
4edcedfc-6ea6-4423-85c4-d459e68c6d35,1,,"one day this app give problems near expiry after 3 , will give you huge loss in option , not fully reliable at all, due to app problem u will made loss",2026-04-27 16:12:20
7d2f1167-6f87-41fa-a6f1-16f495444757,1,,"my investment not showing in dashboard, support not responding me... pls help😭😭😭",2026-04-27 16:11:51
73c47421-95ae-4b2c-8515-037ae5903230,1,,cant see my mutual fund dashboard after new update,2026-04-27 16:11:48
afafdb9a-5c0b-496b-8908-482c4cce90c4,1,,"This app is very worst worst app, regarding 1.customer care not responding 2. app strucked in between option buying/selling 3. many complaints given but no response",2026-04-27 16:10:07
d45a509c-bc9b-4c6a-aec3-a7362d5f09ec,1,,always technical issues.. my sip dashboard not proper show.. I always try to customer but always line is busy.,2026-04-27 16:09:47
717a6122-455f-4943-9d4a-1453c5a3fe11,1,,Why does everything is wrong? Completely wrong data visible for my Mutual funds. I harvested amount is modified. MF central statement shows updates data but here on your application everything is wrong. Please fix it as soon as possible.. This will help me.,2026-04-27 16:08:38
b33ce423-8d1b-498f-9976-495bbe00e012,1,,all of sudden all my MF are gone I am seeing my old portfolio now about 2 months old one. both on web and app. I am afraid now,2026-04-27 16:07:29
75656241-cc47-44da-8cb2-7f0e958dd13b,1,,wrost app i ever use specially for mutual fund.some time show different balance then available balance,2026-04-27 16:06:13
5bfd987a-17fa-4fa7-ac23-48bc62a2debc,5,,This application is very useful classy and smoothly run in window I really like this application.,2026-04-27 15:57:10
a0085787-8865-4308-8963-8a38ac70015b,1,,Server down. failed to trade today for 1 hour. failed to add money,2026-04-27 15:56:08
d3e61ea4-98b9-41dc-bc24-4ea3a5cff829,1,,I am able to see only 1 mutual fund of 740 rs. in my dashboard.. and my all money is lost 😭😭... fake app I have invested too much money in this app. and app is showing only 740,2026-04-27 15:53:21
bd154a62-816d-4b2b-adb0-3b9a903e348f,5,,good,2026-04-27 15:53:18
792db7c7-ab51-4964-be8d-f9b1cf3617e7,1,,after latest it is showing less investment than actual in mutual fund,2026-04-27 15:50:45
f4110e00-540e-43b6-b4c4-18d9bbfc78bd,1,,good,2026-04-27 15:48:56
8fd5cb8f-aff9-4d8e-a6df-367f6c50976a,4,,good service,2026-04-27 15:46:15
720bee80-7fde-49bf-892b-f3c268fc34e0,4,,fair from any other similar app Rating decrease from earlier,2026-04-27 15:46:10
ce00212d-a957-48fe-94b4-964d970a3e0e,1,,Aaj ka haal dekh kar koi dusraa app download karnaa padegaa,2026-04-27 15:44:05
83ca4edf-95b7-4440-8757-106e96a7a4c1,4,,"Sometimes not working properly, glitch in refreshing.",2026-04-27 15:40:00
6eb0d2de-450d-474f-b489-256ddbe965fe,3,,Five stars from me because this app gave me a new means of earning which allows me to do my other work without any hindrance.,2026-04-27 15:38:18
4657b98f-4b9a-442e-b74a-e3dc403abb12,1,,Order had been excited but not showing in balance credited and showing something wrong what's this ?,2026-04-27 15:38:00
c86f34ec-0417-4931-88ee-44c866951218,1,,What is your technical team doing? The app crashes every time in critical situations.,2026-04-27 15:36:33
d867ffa4-5e0e-43a6-89e5-e30ab87157d6,1,,Taking high charges and giving useless service during Trade.,2026-04-27 15:36:26
9322193a-d83b-4e78-99b4-f0a9b89a25ed,1,,today I was buying a call in the itm option and I had sufficient balance actually I had 5 6k extra than the balance needed but my order was still not placed I tried again and again and now I am not able to view my balance i am not able to contact the customer support I am really disappointed and now I am just changing my broker,2026-04-27 15:35:20
6e13672f-31c1-4479-ab39-699cadbe1947,4,,daridra broker,2026-04-27 15:35:07
1c21c2c0-0270-4ec8-a1c0-8fdc1072c7b0,1,,Not reliable for regular traders. It lags in the peak time and you can loss you huge money in the minutes. In my personal experience I was trying to close the trade or trying to convert it into delivery on 3:10 PM but due to error in the app I was not able to either close or extend it and has exit on its own not recommend at all.,2026-04-27 15:35:06
5e1da983-8edf-41db-b026-dc38c39204ff,1,,cash withdrawal issues manegement intentionally stuck the withdrawal after waiting period.very bad experience several times for money withdrawal,2026-04-27 15:35:00
be33cbfd-be85-4972-9dcd-dc6456473cd7,2,,abhi last update ke baad se app me hanging problem bhut aaari hai kabi charts atak jaare kabi orders atak jaare and if possible pls add tg and sl on chart like dhan will be very helpful,2026-04-27 15:34:59
5a06486b-45ea-4c7b-8f82-ee5f90e9eb28,2,,"grow is unable to modify my sell price, resulted rs. 39000 loss.",2026-04-27 15:34:42
0bc8dea8-03b6-4177-b111-92beb9b602cf,1,,"again today I am Unable to buy or sell share ,and I have loss ammount",2026-04-27 15:34:35
731f3a37-aa2b-4959-9ce4-8afa2f97b46f,5,,too good too fast & fully secure,2026-04-27 15:34:30
3efee59d-a53e-416a-8e72-6a5bc1df4cb6,2,,at the moment when i sell my option primium groww suddenly can't work wht i do,2026-04-27 15:34:17
0992587b-77ec-434a-a5ab-b918d764b0a5,1,,sometimes app does work when it's important to make a trade,2026-04-27 15:34:00
d83d6208-ff8e-4cc5-bfce-58c5cc3d69cb,1,,Bad when you need it server down make you money loss😡😡,2026-04-27 15:33:45
bc3021a6-4afe-4173-af95-512d888d8c84,2,,this app hang Not smooth 😢,2026-04-27 15:32:21
483ffb7a-ddc1-4222-b54e-ec26c872d5ac,1,,most pathetic app.,2026-04-27 15:31:58
ac7628e0-2b5a-4039-b864-239e5e7508fe,1,,Never ever do F&O trading in Groww.,2026-04-27 15:31:51
d76bce3e-b3e1-42ed-ab1b-473119c5a489,3,,good,2026-04-27 15:31:08
f69d7475-6d30-4597-835d-ea387b936154,1,,very poor,2026-04-27 15:30:47
1c189b62-f105-40d9-b187-204cdf7faf0f,1,,i am not able to see my holding! solve this issue ASAP!,2026-04-27 15:30:27
7081a0db-7fee-4435-b77f-8b1ef90a2398,1,,maximum time app servers does not work.,2026-04-27 15:28:10
e0c82984-ebf1-43e8-a3f0-aa4bf217c300,1,,always lagged too much during peak hours,2026-04-27 15:27:45
44a3d62e-3fab-4cef-96f7-5c86d2faed5c,1,,App crashed. Error:Failed to load data. Unable to see or do anything just before market close.,2026-04-27 15:27:10
a19f9ba6-6dca-4a91-927a-aedb0e305d91,1,,glitch,2026-04-27 15:26:48
b0ed00a7-6ef2-46d7-be91-3c086edc1a1e,1,,added money today but app shows no funds !!!!,2026-04-27 15:26:22
bd44e34b-4685-430f-9f2e-c83d0d650a63,3,,sometimes i am getting something went wrong (Data fetching minious into an error) on screen.,2026-04-27 15:23:25
82f571d2-0f84-48ba-8f30-95a4970b1676,1,,very lacing problem,2026-04-27 15:22:59
c3effb00-63bc-423f-a860-de739051735c,5,,Good,2026-04-27 14:54:10
24e3e4ae-2a07-49a6-9478-02fba3c7ca52,1,,all ways wrong ad,2026-04-27 14:34:18
944938ab-88f8-4cad-aa7d-f4a2e5c8d6a6,1,,I was using groww from past maybe 2 year ... but now I am going to delete it. they are taking too much charges maybe this app is good for investing not for trading at all,2026-04-27 14:29:22
424eddd4-f290-48c0-a81d-1c263c0ebf5b,5,,good,2026-04-27 13:48:10
d1aa8e56-de28-47cc-8349-7da7207a9b60,1,,"since 3 Year I am unable to use biometric, multiple attempts done by uninstalling and reinstalling app.",2026-04-27 13:31:20
731a346f-157d-40b6-a16a-3fb6d48e8d29,5,,it it very good app,2026-04-27 11:20:48
23fe6ed0-dd17-4700-b8d6-f792014eaaa1,5,,good app,2026-04-27 11:20:23
8533e0e2-2333-42ca-a20a-012f0543aee2,4,,There is no SWP option in this groww app(mobile App) that's why I gave 4 stars rating only. We want SWP option in this app for more investing in mutual funds. Which App has SWP option for mutual funds that is the good. Dear groww App team members Please insert SWP option for investing in mutual funds.,2026-04-27 11:20:17
0f350a10-34c4-4922-9d4c-710cf3002c6a,1,,"very bad 😞 If you buy one for 100 taka, 4 taka is deducted as a charge.And while selling it, they are deducting another 30 rupees. Do not download.",2026-04-27 11:20:10
9d929873-246d-4912-9fb5-b320d601ffb7,3,,Market Goes Up But The price Go Down for call side this is Glitch ? or Application issue please solve it .,2026-04-27 11:08:59
fd81393f-7fa7-4b7b-8619-bf342cc18043,1,,"Be careful, their calculations are wrong on the balance. Not sure whether they are doing this intentionally to lure money. Then, their customer support. Create a ticket, in 1 hour they will close the ticket just giving some random reply.",2026-04-27 10:34:37
7137ab61-0220-41a2-93fe-5a4a64584be9,5,,app interface is very good stock research is also good best ui need some accuracy in changes,2026-04-27 10:32:10
160dc2c9-d385-4f15-af02-f981d0a98a91,1,,"don't use groww , mtf system is very bad , amounts, credits and bedits regarding mtf is not showing properly don't use this app for mtf",2026-04-27 10:23:14
dc8773d7-208f-4445-9056-2381c9c90188,5,,👍🏻🙂,2026-04-27 09:58:15
12a6ac93-7b1f-4d3a-8f94-c9e3cfadecf8,1,,frod aap,2026-04-27 09:22:46
d1e0de73-6f0b-4a23-8ca0-32ca56ea4b10,2,,"Dark pattern - showed me ""activate F&O "" interstitial with the options pre selected, just after opening the app. Usually in its place, there is some informative banner that you're just accustomed to dismissing at a click. Did not expect this from Groww.",2026-04-27 09:05:33
49bfeb56-a352-43a3-8701-56c2eb4a44ca,5,,veree nice🤩🤩,2026-04-27 07:54:44
508ac545-6b0b-4dd5-b022-daa944f72061,1,,very bad,2026-04-27 04:42:29
db24bcbd-46fc-4a57-a1ac-b5e3993ecb6a,1,,"Who is doing your PR 😂 ...... 10-12 apps she has and she is asking for grow spell lolz .... so annoying. In total we need F&O, Stocks, SIP, Funds, NFO approx 6-7 types of investment then how can you justify 10-12apps in numbers. The ad really sucks. & They investors who really can't memories application name 😂 are not eligible for investing. Your Adds really sucks. Please show some useful and +tive short infos.",2026-04-26 19:08:12
dd7ecf42-f528-4e9f-a167-839e89ba1644,4,,Top notch.,2026-04-26 18:59:02
402f949f-bb78-46c0-bac5-35c9984ee6fc,4,,very good app for shares marketing,2026-04-26 18:04:18
0777f00d-9722-4799-a1b1-5a1b95a51c8a,4,,everything is very nice,2026-04-26 17:29:40
8a495e51-2379-4b0b-886c-f32cc971d2ec,5,,nice,2026-04-26 14:28:54
9c08f2db-47da-408d-b069-d9281dbb71f5,5,,nicccccccce,2026-04-26 13:52:24
ba7da774-6f8a-4b2c-85f5-5d3cdc6be327,4,,"i like to short my stock in the basis of industry so that i can easily buy and sell the stock based on the news regarding the industry (like power sector sock catagory,automobile etc )",2026-04-26 13:29:52
0faa460c-e567-4fa8-a60d-aa72058e4a65,5,,"good, but brokerage fee increased for equity stocks.",2026-04-26 12:06:40
b0460228-68d8-4d66-a5e8-5d1f164f34d5,5,,nice app,2026-04-26 09:58:13
6dfa37c5-69ee-483a-93d7-d74f631cb62e,5,,ok,2026-04-26 09:36:51
a9f6aa60-c1b4-4521-b9b5-845b44dd4f25,1,,not understand,2026-04-26 09:20:34
64f1a79f-9518-4f2e-b722-12b61a915cf6,4,,best,2026-04-26 06:52:49
77d72bb2-7346-47e1-b457-70e1650e2965,1,,lost my old mobile phone unable to login and not even able change the number so jumped to kite!!,2026-04-26 03:11:33
b20e2530-8480-49d2-b251-f7d0681646ec,1,,ekadam bakwas hai,2026-04-26 01:57:21
6ab422a5-38b0-429a-b293-1377e0cbc85f,1,,"all expense ratios are incorrect on Groww. that's not acceptable. For ex, TrustMF Midcap or TrustMF small cap is mentioned 2%, in reality it's 0.45%.",2026-04-26 01:47:57
a704c374-6fe3-4651-aee3-183961d0962d,1,,Various drawings gets deleted after a day. So analysis drawings has to be drawn again. Also Daily closing Candle of Index showing different value after market is closed though Index Value shows actual closing price at Home Page. Your technical team needs to work on it or else you are going to lose customers.,2026-04-26 01:05:54
3646d8ad-3665-466e-a1a9-5bc368c9418b,5,,👍,2026-04-25 23:18:57
407ccc6a-5d0c-4798-9f2b-d5a9792751cd,5,,best,2026-04-25 23:18:01
751f9c51-f035-4f37-8252-fb8f9ce1d920,3,,"app badiya hai mera account hai. magar sab kuch chat se, email se baat hoti hai. koi mobile ya land line se baat nahi karta.",2026-04-25 21:56:56
056baa1a-aebe-40b8-b56d-eaba320a69fe,5,,good,2026-04-25 21:20:49
8cef74dc-bd1e-44f6-aea3-4752c067de55,5,,he phadhu aap hai🤯🤯,2026-04-25 21:04:50
b9cdfdc6-a0f6-4fc8-b241-0a1ac1aa2fc3,1,,waste and worthless app,2026-04-25 20:57:22
40ff8e83-e0ca-454a-bf98-ecba5f610af6,5,,"The best sip planner helped me plan five different life goals,",2026-04-25 20:23:13
398dca84-272d-49f1-aedc-06ae1952e9fb,5,,sutiya hai app,2026-04-25 20:19:48
ac91c445-6ab9-41bd-8dd6-2087a2534cbe,1,,Is app ko koi bhi download mat kro Jo aapke grow acc mai paise rehte hai ye lootkhor unhe tax kr tor pr kaat te hai...🤬,2026-04-25 20:19:36
9014801e-c173-4d25-bbd7-94d810bae389,4,,⛔RSI removed in new updates but over all experience is Good👌 service on top catagory. really best in all available application options in market💐,2026-04-25 19:26:56
8f39a463-df45-49da-9895-5e130c76db6a,5,,very good for everything,2026-04-25 17:39:43
543e7bcb-7293-4e12-b514-4dde925844ee,5,,very good,2026-04-25 16:41:37
9038dae7-60fe-4df3-96e6-ade14187fed3,2,,😔 bad,2026-04-25 16:39:53
e1f9d279-3935-45c5-81ed-45f8cf48e0fa,5,,Dil se Like,2026-04-25 15:20:24
18397e01-58f7-4ba6-83f4-bdfd75f41a07,5,,🥺🥰🥰,2026-04-25 14:29:50
577f6403-21fa-465a-a1d8-35cec98530c1,5,,very good,2026-04-25 13:50:36
e190fa8d-0dd7-42d2-851e-d4be34903bbb,1,,Why does mutual fund redemption process take 6 days,2026-04-25 13:19:12
d7c1acd1-84b7-42e1-9378-62079355a003,5,,good,2026-04-25 12:44:34
322e43eb-5c6a-4950-92df-2e8ad9f6af2a,1,,You guys should give an option for instant withdrawal You are asking me to return the money I withdrew yesterday after just four days.,2026-04-25 12:43:10
3960bc00-2c9c-4ed0-8709-153eadb96e8c,3,,I cannot see the holdings tab values for the last couple of days and the issue is still not resolved yet . Am I the one facing this issue or everyone ? UI wise app looks good and easy to track. kindly address the above issue,2026-04-25 12:20:49
6ddb3bae-88e3-46c6-8ced-9b20242ede01,4,,its so help,2026-04-25 12:11:13
1ba05fb9-8066-448e-a994-a52156b66262,5,,this app was super 👌 begin trader,2026-04-25 11:50:33
0c781103-9d49-43fd-82bd-4dbfb04cdfd5,5,,good,2026-04-25 11:35:21
278bff90-99b8-442b-8f34-df947da4615d,4,,nice one but 👍,2026-04-25 11:05:37
f73e1241-487e-4801-8a89-6be833377733,1,,Never use this application if you face any problem then customer care not support properly and they delay to take call if this call disconnected they do not call back to you. And their charge is high from other plate from. So don't use grow application for trading.,2026-04-25 10:40:04
c51fc002-c24d-4a16-9fa0-9164f8cd163d,2,,bad experience,2026-04-25 09:56:28
11fa46e5-9efa-47e2-83c5-d5fa2591f762,4,,good,2026-04-25 09:20:14
eff7cbee-64d6-4853-ba28-913f6ed3aabd,1,,refund amount should be given to any bank account of original holder ....remove cheque book photo copy proof option,2026-04-25 08:36:28
a760312d-352c-4b3f-9849-37ee56ef009e,5,,Good plateform,2026-04-25 06:01:40
1f4bc367-38a2-4569-bcfa-e0c430bbd3e3,5,,good,2026-04-24 23:41:47
b303dca0-2e23-4642-af20-dc706efb4d74,5,,Use this app since 2021...... best app for beginners....UI is user friendly,2026-04-24 22:36:54
da0a4da0-62b1-4c71-8697-00c234f2515b,1,,too much brokerage charges...I have given 2 lack in brokerage charges on FNO,2026-04-24 22:21:03
d4de7006-7c61-4e07-8827-b90050934e09,1,,dirty platform,2026-04-24 21:39:33
1bd0419c-2eb5-48fb-9840-f9a7abdc51f0,4,,nice,2026-04-24 21:11:54
0761b2ff-56e0-464c-853e-be459980fcac,5,,very nice,2026-04-24 20:59:26
bcd5feee-7676-4e3d-839f-fbb31b67c0ae,5,,best,2026-04-24 20:33:30
aa31fb7f-d665-4c1f-ac9f-368b6cb0011d,5,,super app,2026-04-24 20:27:24
ae4f5151-31a7-4a67-8545-76f762c78581,1,,"worst app,even a simple functionality of transfer of funds are not working through net banking using your linked account.",2026-04-24 20:11:18
150b0185-f3f5-4f90-9841-a0a939c2c99b,1,,very bad app i was playing candy crush then this ad came this literally is waste of time wasted my 17 min very unsatisfied with this app,2026-04-24 20:07:05
a6d4accc-c3d8-466b-9493-dcebef655aff,2,,sl trail jumping not awailable its big poor condition then other app. please give this function hidden charge is very high with gst.realy grow charge 150 rupies per order and sl and tg process when we change sl then sl will not hit same point. and comodity not awailable,2026-04-24 19:29:09
751c534e-f899-4611-bb39-d5699995fb5e,5,,good,2026-04-24 17:04:47
1f9051e1-bda8-4d18-a9fa-30bd641c2d80,5,,good,2026-04-24 16:31:38
b7da0a64-fa90-4c55-90c0-bcbb084ef144,5,,nice work,2026-04-24 16:08:53
11b9f776-54ea-44e7-b7cb-0c9ad806d312,1,,जब से स्टॉक को watchlist में add किए हैं तब से वह कितने पर्सेंट up या down है। ये फीचर फिर से शुरू करें। 😞😞😞😞😞😞😞😞😞😞,2026-04-24 15:24:41
9c486ad9-1772-420e-a1f8-78e7767004ea,1,,bakwas,2026-04-24 14:00:34
fadbb448-2b28-4401-b3c3-4ed520b5fc78,1,,This App is fek and Extra Charge,2026-04-24 13:57:24
c90662f0-f764-4503-b002-b5c93bd72817,1,,real time not,2026-04-24 13:53:31
c2a48ab1-4eea-4926-8168-9fdc0422ac4d,1,,Customer support is very pathetic even in 2026. So I'll be honest and give 1 rating for the weak customer help which matters the most. The team lacks a lot of knowledge and they don't know even the basics of MF and Stocks.,2026-04-24 13:43:28
ddc4f313-f80a-4056-b496-7a6c5e21088f,1,,bad,2026-04-24 13:20:44
fd4f545b-ccce-4128-b90d-4ad49248c595,1,,beech market me app stop working...it's loading it's more than 15min,2026-04-24 13:05:27
33629288-1e2e-42e1-b9e7-cc484a8ebb33,1,,New update is so pathetic Mobile terminal view got downgraded and cant use the Tools to analyse,2026-04-24 12:36:51
698e535a-7248-4073-93ef-25508cdce576,1,,"Groww app started putting my mutual fund investments in full demat folio without my permission, I didn't choose any demat folio, I wasn't given the option to choose through notification, very bad app, is this groww app owner of all investors?",2026-04-24 12:33:49
d0f1da8a-bdbe-4e82-9a2e-bf44f42566bf,1,,what's this App for? i never see's a profit from the past three months!!,2026-04-24 12:26:56
3c6efb1d-76e9-4a6b-b6d7-596b806a059a,5,,okay 👍,2026-04-24 12:25:52
89cf001e-d184-4fe7-a4e9-bed802608433,5,,good 👍😊,2026-04-24 12:22:07
396ef71c-47d8-49a3-87eb-e4ad7bf37f4b,5,,veru useful this app,2026-04-24 11:51:15
110b5fec-4a88-4751-9103-62402413f2ff,1,,Aap scervis working Castumer saport not good very puar scervis Payment issue not resolved May complain But no any action not good service not good work pese kha gye h bina puche bank me transfer kr kre h or bolte guidline h ase kisi k pese bina kisi permission k ap kese bank me transfer kr re ho gatiya service h grow application ki,2026-04-24 11:43:31
de529178-93e6-4964-bdb0-fb8b8c1582cd,2,,this broker is hiding some data .It is not transparent .The transaction is not showing all something hiding the credit. And after release the trade the profit also did not show that much profit and which time will adding didn't show. Now I experience myself this broker is hiding transaction data so that we didn't know whether the profit credit or not credit after release the trade.,2026-04-24 11:14:57
9664daff-6962-48f7-8919-e4919b8fe15d,5,,good,2026-04-24 11:12:25
b08e34b3-6eb6-40ed-9bdc-260753a4bf30,1,,not nice,2026-04-24 10:33:58
97c49006-8ffc-48c3-a8dc-3b3def6aa528,5,,"please don't use this , policy is for profit, customer is money, uninstall this app now",2026-04-24 10:33:39
38af044e-da9c-4612-812c-b7f3352ba0c6,1,,सबसे घटिया ट्रेडिंग एप मेरे को यह लगा क्योंकि इसमें टिफिन एक्टिवेट करने के लिए कुछ चार्ज लेता है मैं 5000 इन्वेस्ट करे थे और उसके टिफिन के एक्टिवेट करने के लिए 3506 रुपए काट दिएइसने,2026-04-24 10:31:24
c80be04d-07a5-44db-b0c1-1770cdbd76b2,1,,"I receive notifications from Groww, but there is no option in the app to view all notifications in one place. Once the notification panel is cleared, all notifications are gone and cannot be accessed again. I request that you provide a feature in the app to view daily notifications or notification history",2026-04-24 10:16:00
bc88f3b2-523e-45c2-86bc-24d5855c0b25,5,,febulous,2026-04-24 10:15:02
5db0657f-16f5-4ade-8390-aa105ffebec2,1,,"The whole app has been ruined, after the April day by day changes, Today's High Low & 52 weeks High Low showing same, Sensex/Nifty Index Expiry are not shown, under any similar stock category, something else stocks are shown & why the market depth has been moved upward, why ?",2026-04-24 09:45:26
46046548-2672-485b-85e7-c138695ebbe2,1,,it's showing wrong 52 weeks high and low. it is same as day high and day low. it's the major issue in the app.,2026-04-24 09:36:06
622fb9ad-d73f-4601-bb64-f9a7017de51f,2,,This app charges more brokerage,2026-04-24 09:35:17
62ba3e9e-1c6b-4fa0-9b82-118ccbac6e79,5,,easy to use,2026-04-24 09:23:51
87fdcea4-9590-4bbf-8ef6-07ea6d5e803d,5,,good,2026-04-24 09:23:08
baf6dd03-4740-4080-a0ad-674b12496101,2,,The tradingview chart from groww app is not working. And also it is not properly showing the 52 weeks high and low.. Too much bugs and glitches. Probably have to shift to another broker,2026-04-24 09:22:55
d5f824db-453e-4538-bd84-aab39182d418,5,,add more important indicators CPR indicatore and achored vwap with bands and ORB,2026-04-24 08:37:21
249a6ac8-a5e0-4178-a4d3-d31cf12f6622,5,,nic,2026-04-24 08:35:38
66327a1f-9766-475a-9d28-018fb856a129,5,,grow account open kyu nhi ho rha hai,2026-04-24 08:27:28
9ad6ffe9-5453-4975-b2ef-4b05f379e3af,5,,this is nice and beautiful app 😍😍💘😍💘😍😍💘😍😍😍😍,2026-04-24 07:50:58
8475ad41-8c0b-4698-9200-09f3a6dcf197,5,,Best app,2026-04-24 07:41:17
fbc2af01-b4b4-4a1c-b7a2-7fafe3b94bd9,4,,good,2026-04-24 07:10:00
cd71a6b0-5650-47fd-8667-5be9ac5855a6,1,,"In the holdings section, total shares, invested amount, total P&L in percentage, and day’s P&L in percentage should be shown, just like in Zerodha Kite. This essential information should be visible on a single screen, not after tapping or using filters. This is necessary to take appropriate action to exit from positions. Without this data, trading in Groww is not convenient.",2026-04-24 07:09:34
ccb74dfc-bf70-4c1e-ae8f-168821f871a5,2,,not sopt,2026-04-24 07:02:07
e2edebbc-e170-4941-8f1f-098dfc28b961,5,,good,2026-04-24 07:00:11
04de39f1-1797-4c12-a480-e92110b25a99,5,,good,2026-04-24 04:43:44
b11d7386-7728-48a5-aa0c-6d4249c4e44f,2,,chat pe sclaper mode le aoo aur sl aur tp ke liye drag and drop jese improvement karo chat pe ek hi screen pe multichat jesa karo jese sahi app pe hai okk,2026-04-24 02:14:28
f64bab75-8b8f-46fb-b9c7-cd1329d6a592,1,,MANUPULATION AND Froud,2026-04-24 00:38:54
31b8313b-717c-46a6-8ea5-199b36d68dd6,1,,order box start with 0 .0 .insted this the presnt price to be ther .,2026-04-24 00:16:31
ba1846d5-b26a-46ae-af0c-b8b1e48acd6f,5,,best app for investment,2026-04-23 23:53:36
02d836b7-3b3f-4782-b454-d77e1353028c,5,,nice app,2026-04-23 23:26:19
c2733ff8-cada-4ccc-91c4-705da87d8eb1,5,,good groww,2026-04-23 22:54:27
92018e68-b7e2-4b99-9c00-73c9a474ba77,1,,worst app,2026-04-23 22:39:54
5fd0e88f-3ec6-46ed-af14-ed35599ea0a9,1,,dual screen mobile app not available 😭,2026-04-23 22:35:45
10961168-de79-446b-894f-3a3678236301,5,,excellent,2026-04-23 21:26:44
6444b41d-9b9d-480e-89a7-b95b0a3d24ff,4,,nice,2026-04-23 21:23:52
ef8ccf90-3e9f-4603-9402-304275d7ec8b,5,,please brokrage 10 rs kar do taki me groww app me trading kar saku,2026-04-23 20:31:09
332906d6-9b9c-40e7-827f-f9d75a30e793,5,,Great,2026-04-23 20:12:34
5480a0ce-2818-45d4-9265-33a65e2c3c81,5,,good luck,2026-04-23 20:03:45
ccbd6402-b2ea-41a0-bc14-60f55456efc2,5,,good,2026-04-23 19:49:09
b87d19b5-42d1-46be-8767-2deae6b78e3f,5,,V good 👍,2026-04-23 19:35:34
7018d142-ea76-4ca3-8365-26e7af5569f7,5,,nice app 👌,2026-04-23 18:13:48
77dfc6a2-02f3-4819-bbf4-8ea489943fde,4,,bast experience and smooth run,2026-04-23 16:28:05
76468e6f-4bec-435b-95fe-0d0183520080,5,,"hi,first of all I want to say thank u because this apps changed me a lot",2026-04-23 15:37:06
049865a3-8425-43b8-8eaa-2d16a3d3ad35,1,,"If we pledge our shares once and later unpledge them, we are being charged twice — once for pledging and once for unpledging. That itself is understandable, but the problem is that I have been charged multiple times even though I performed this action only once. After pledging and unpledging my shares one time, I did not perform any further pledge or unpledge transactions. However, I am still being charged repeatedly.",2026-04-23 15:28:31
489a7821-bdc1-41a4-aa7a-73857522ae73,1,,it's very bad application 😕 extra charge much higher I hate this application,2026-04-23 15:03:10
83e006d4-0801-4d73-a820-8cd1f90fee60,5,,nice app,2026-04-23 14:49:03
8b491aaa-1698-4f2f-b077-d3b738154e2c,3,,I wants to delete my account before approx 6 months and try 2-3 times but groww management may be poor in this.,2026-04-23 14:31:34
41fe5fe9-d810-4f64-a426-746e7c58ede7,5,,best app,2026-04-23 14:19:00
6a91ea86-54cb-4b50-a2da-fe469e06fcea,5,,good,2026-04-23 13:24:14
977e4bf5-8afe-486d-80f8-ad020d6bcc0d,1,,worst application and customer care. Do not use at all.They do not solve your queries copy paste random answers and close the chat before asking for user confirmation. Please avoid the application and try using some other app for investment.,2026-04-23 13:00:30
6c743b45-9fde-485d-8ffb-ab69092a6b15,1,,"It activated my F&O using a trick, I accidentally clicked on a button",2026-04-23 12:38:21
4508865f-0b56-4c7c-bda3-c6095f66267f,4,,best pofemnc,2026-04-23 12:32:51
d0013c88-a851-4c73-bac4-379fd58bc878,2,,bahut baar sell order execute nahin hote jiske baje se loss hogya mera . trash app,2026-04-23 12:18:58
8899bad4-8557-4184-940f-0b9760203bfd,4,,"Thanks for working on my feedback 🤗 updated april23 April 2026 the basket button is slow in response, I have to press it multiple time to turn is on off... make it more responsive pls",2026-04-23 11:53:37
68b6dbe3-079c-4740-8a84-87465ec93c35,1,,"Data ke sath play krte hain data bech ke big money ko ya khud manipulation krte hai , i have experience with tata elxsi full manipulation krte hain ye dont use it",2026-04-23 11:25:48
8693f335-fac7-4d5c-ad58-60cecea8a9f5,1,,bad,2026-04-23 10:00:59
19c21b9b-0662-468a-ab5c-1f53cdee2e90,1,,repeated ads. is headache. pl. stop this ad in my mobile. please stop this ad,2026-04-23 09:48:54
dfa2372e-8079-4487-bb35-46f687f717f0,5,,excellent for all time 💯,2026-04-23 09:48:30
ac96dbe0-0e6f-4748-99db-95112042ac5b,4,,nice app,2026-04-23 09:46:44
91023a47-2e6d-414e-8b57-c18f3d70e52b,5,,thank,2026-04-23 09:43:28
134e5a74-d32b-4eea-80c3-fc31c1001b61,1,,"Not good for customers , good for manipulation with hni",2026-04-23 09:41:11
d19ab42d-8da8-4232-8f67-44f3dbbf122a,5,,good,2026-04-23 09:38:00
0cb45037-7a43-4700-83ce-3a5da539f763,5,,super,2026-04-23 09:34:42
c90aacbf-d821-495a-a3e3-2c6107f46f90,5,,best app,2026-04-23 09:30:20
bf2016d1-dab3-4dff-b1c6-f859785872c2,1,,baad,2026-04-23 09:09:21
c0ade04f-00ee-49d3-a17f-abec6f62b3f1,1,,faltu h😡😡😡😡😡😡😡😡😡😡,2026-04-23 09:07:29
a4849fa1-280d-4cd1-b5cc-63ea9d4cbe74,4,,easy an effective platform,2026-04-23 09:02:27
07db49a0-337a-41e0-9fb2-78136a4c2afb,5,,Nice app Groww stock app,2026-04-23 08:47:42
748b9db4-82b0-4f16-823c-d367a5238faa,4,,after recent updates issue in some stocks for 52 weeks highs and lows and full chart issue,2026-04-23 08:45:48
39b89895-2a95-4cb2-b039-b43de7a6e16f,5,,good work and easy work 💯,2026-04-23 08:11:15
d5e92b8e-d3d1-4334-a08b-c5e72893db5e,5,,friendly use interface,2026-04-23 07:39:25
b9f51430-e776-47ff-b7f0-0c6611a9a2b1,5,,Best and easiest platform for investment.,2026-04-23 07:35:36
e5535693-7e06-4919-990d-c68f1a08a60e,5,,Good 👍🏻,2026-04-23 07:03:55
ebd5cb2d-1306-4e21-892e-5239ee143c35,5,,best investment trading app,2026-04-23 03:41:43
2fa10a45-9fad-4421-b0ed-5abf415ce342,1,,bro pls solve my problem ive login from wrong which is mine but upi is not available on that number now your asking 50 rs it doesnt make sence please make change in it,2026-04-23 01:59:53
d0d8cd26-9def-482e-bf6d-5d54a4d8956b,5,,very good,2026-04-23 01:32:06
a6e214f5-c9ef-4457-b0f2-ea09ad0fa245,1,,bad aap,2026-04-23 00:46:54
c65498ec-e2d0-4363-98f3-ce8af8d6ef9e,4,,aapka app achcha hai par char me direct buy aur sell aur sl aur target lagane ka option dijiye,2026-04-23 00:43:44
7f754989-f40b-40da-87a2-cd1a9e86980a,1,,labde ke bal,2026-04-22 23:24:44
165da23f-26db-4c72-8536-6bff89a423b5,1,,don't use this money West app groww nahi hoga.,2026-04-22 22:07:10
443e8460-32d5-4b46-b7fe-5907442d3074,5,,nice app,2026-04-22 21:53:33
20ec78c1-8310-4793-b809-09379cca8791,5,,best app,2026-04-22 20:53:31
eef33d3f-3565-4cdb-a423-1b93ce5ccdc6,5,,very good very good apps,2026-04-22 20:43:24
443982b1-45ea-450c-8713-570732a4e7bc,1,,Every single time it says PAN and BANK name missmatch literally i just have Name like shripada mg in bank and adhar and in pan it's compulsory name like malali Ganapathi shripada it include father name but it's rejecting because of my name,2026-04-22 20:43:07
4e57df60-d70e-4e2b-b5ce-a76ff0277a57,1,,"Sometimes the wrong calculation is displayed, at closing time some other value was shown and at the end of days calculation changed to less value.",2026-04-22 20:22:53
ce64821f-21a9-4179-94df-9d001c22dc37,5,,Please add daily P/L dashboard on monthly calender.,2026-04-22 19:46:12
a77bef8f-c621-4b85-9b48-f2b045983497,5,,Best app,2026-04-22 18:57:07
5a816e0c-48ea-42d0-aa4f-929aaf041f33,5,,jaberdast plateform,2026-04-22 18:18:16
b6c8b83c-d20f-4fc0-aa9d-8c679fb424b5,1,,New use this app fully fraud and unwanted brokerage charge was to to to high like today I took 3 MTF trade and then totally I have to paid 1700 approximately which is totally unwanted I uninstall this app and also deleted my demat from this site .,2026-04-22 18:14:50
9a4326ea-826d-4922-b936-552cfe7bc1fa,2,,auto save is not working drawings are not getting saved very disgusting. and sync is not working properly between web and mobile Today itself open account and same day closing or otherwise fix it,2026-04-22 17:39:01
7fdbbdc5-c099-4175-9266-8efc81e3dfdd,5,,Good for trading share market,2026-04-22 17:20:05
d1e6e034-c7fb-4a58-bc63-5ebea8c03780,1,,application is giving live data compare to other apps it is lagging too much please look into it,2026-04-22 16:08:46
d0448fa7-7d35-4557-800e-46d945b8979e,5,,very good and easy to trade. best customer support.❤️,2026-04-22 16:03:04
1e7c4035-7b36-4f87-b4ff-cd7e91ce435f,5,,I have been using the Grow app for about three and a half years.It would be good if you added some more new features. Such as a trailing stop loss. Scalping mode of F And O stock,2026-04-22 15:42:05
1e2d8b66-7d23-4d84-859b-52e70a57af9e,5,,super,2026-04-22 15:06:14
072d95f6-1f45-4d4b-8110-1212dad1bd49,5,,best,2026-04-22 14:21:31
08f2eb28-64db-428e-bcb8-57b7ae4cac26,1,,I couldnt even set a pswd even after following the instructions and suggestion they provided... so if anybody failing to set a pswd kindly switch to another app instead of hanging here (and you know how valuable our time in trading),2026-04-22 13:55:13
dd250c84-b3fd-4a45-b809-5445d2972d2e,5,,good,2026-04-22 13:43:08
55f428f7-48ba-4b82-9c2d-58056617476c,1,,bakwas app hai,2026-04-22 13:18:46
12196747-2b1c-4d03-a9cc-6899de73bbd4,1,,"never use this grow app, external charge is too much high",2026-04-22 13:16:55
9a1d5ec3-0319-4027-b6ed-644f234dbde8,1,,when ever I sell showing different value it's being 3 time in a single day.. I got losses due to it,2026-04-22 13:15:35
15f5f350-0dff-4e01-bd21-e907c12f3f65,5,,Superb,2026-04-22 13:05:51
64e027ee-2d99-40de-b859-4f03d441e3e8,5,,good,2026-04-22 12:28:56
d0725d41-9cf2-403c-ab79-e81cac808e7b,1,,too much pricing switching to another operator. maket order also they are tkaing price 118 too much for everything. link you adhar 118 lol 😆,2026-04-22 11:43:38
7e96152c-f3a7-44df-8929-b479f4cfa3a2,1,,even after trying to sell my shares for about 5 times applyng the tpin and otp its showing error which is frustrating.Where even 1 second matter here i am trying for about 5 minutes.This is the first time i am facing this issue befire it wasent like this.i dont know whats wrong with this app.,2026-04-22 11:36:16
7ceece70-4e6b-4f29-aa3f-8f3f3ca5e3f6,1,,supar,2026-04-22 11:06:45
e779c0dc-b74b-4a49-9c5e-ca44b6fb205a,1,,lagging during Indraday trade many times,2026-04-22 11:02:30
4f52950d-6479-45a5-9ba8-ad9f7e6e2158,5,,excellent,2026-04-22 10:55:44
cd87865f-53a2-4767-afe5-97626e9f8296,1,,very bad,2026-04-22 10:29:21
012b5ce5-62bd-441b-b996-d6903bb6560b,5,,good,2026-04-22 10:17:02
32c7f94d-32b8-4b5b-a6b2-1eb1078b741e,1,,why this app need daily update I'm not satisfied with this thing,2026-04-22 10:10:23
7d606f15-70e7-40fe-8e3a-e4e4ecb99dce,5,,very good ji groww app,2026-04-22 09:36:31
50a57140-46ad-42d1-90b4-91fcd175cae9,4,,good,2026-04-22 09:26:23
76e335b6-d3ec-4c62-892e-4458ae85162f,3,,"SWP missing, STP not allowed SWP option has been missing for a long time now on the app. When are you planning to bring it.? And why is STP not allowed for SoA funds now? You started as the flexible platform for investing. By trying to lock down investors or forcing them to use Demat MF will just lead negativity and bad taste.",2026-04-22 09:22:01
a4bccfe6-282e-466b-8722-24c69fe25144,1,,good,2026-04-22 09:08:58
25cf74e8-9f6d-4b8c-9213-6b00c781a15d,5,,good 😊,2026-04-22 08:30:53
79491a2d-126f-4a1a-a6ab-78ac74fcab0e,5,,good app,2026-04-22 08:14:30
9d1acbec-e583-4b94-96bf-7688b6965170,5,,nice application,2026-04-22 07:01:41
508cad1e-1761-484d-9a10-bb7be926fadd,5,,"groww is best app for trading, investment and mutual fund",2026-04-22 01:31:26
c500ea64-ee19-48ac-a887-aad8f3965adb,4,,"easy to use and understand UI DESIGN, FAST & RELIABLE",2026-04-22 01:18:03
30c00745-fdf6-4192-a9bb-98a231b9ec5a,4,,good,2026-04-22 00:13:37
d5bd98cf-6720-4a93-8b7c-54f549138dfd,1,,I have not created my account some issue but what the issue not tell me grow app 😡😡,2026-04-22 00:06:37
fe1c8c25-83ca-46a4-a3df-a0807cf778a0,5,,good,2026-04-21 23:45:46
a75fec64-f6ef-4500-95d3-6176b863c305,1,,mujhe lagta hai lot lagane ke bad grow apne aap hi kam karta h target ka pata hone per bi use kam price per chodne per he badhta h,2026-04-21 23:09:17
b62898f4-fe7f-4ee8-a3dc-30b35abbff47,1,,rubbish,2026-04-21 22:21:05
0f4e8ba0-e6d6-40b7-8f66-9b77ce3b8a81,5,,very happy,2026-04-21 22:11:20
82ffb210-a1e6-46a4-b9ba-80ad0039f8bb,3,,Grow should recommendation option in Stock and F&O,2026-04-21 21:25:40
54daaa98-1389-45fa-aca4-7ba6d932347b,1,,"Worst app, feels cheating to customer. Extra charges, why T+1 share immediately show in demat holding and allowed as normal delivery sell with auto converting to intraday? also btst too shows as normal delivery. It's showing wrong details to customer and charging unfair",2026-04-21 21:11:08
a9e1b050-1088-4117-b409-fe100b578d71,5,,good 👍💯,2026-04-21 21:02:45
92afdf05-cd0f-40d6-90f2-a1907b9cc1ac,5,,super,2026-04-21 20:47:05
68359648-ee8f-4012-ac6d-c183d031c60b,1,,"facing an issue with groww watchlist App shows limit of 100 items, but I am getting the error ""you can only add 100 items"" Even when I try to add more than 10 stocks. This looks like a bug. Please fix this issue as soon as possible. Unable to use watchlist properly. kindly check and resolve because of this issue,I am not able to use the app properly and it's disgusting my overall experience during trading. and I am losing money when discussing app.",2026-04-21 20:37:54
b931726f-0dc9-4e14-acd9-5f3165e08754,5,,smooth and easy to use,2026-04-21 19:49:06
d89b5871-ddd7-4569-a70a-9209173d0088,5,,good,2026-04-21 19:43:40
85804c9c-1e2f-48ab-9cb6-9f7d755ac07a,5,,good saving,2026-04-21 18:56:10
90d0d589-e44c-410e-92dd-b1a2e5ff5888,5,,Awesome 😎 For BUILDING WEALTH THROUGH DISCIPLINE & SMART INVESTING.....,2026-04-21 18:41:16
1eb7192a-7bef-46d1-8f3b-0e397661e3a9,4,,Very easy-to-use trading app with a clean interface. Great for beginners and long-term investors. Smooth account opening and good overall experience,2026-04-21 18:38:15
89ba0e83-5116-4a90-a075-878318fa141c,4,,very smooth to use,2026-04-21 18:24:17
f29fbf66-4971-4bda-9b00-b663f04096c1,5,,good,2026-04-21 17:55:14
b22468f7-8295-4c7d-98a1-e3512730997b,5,,good,2026-04-21 17:30:32
e1859655-94e1-4675-a87a-1ad73ef54b45,5,,yah bahut achcha hai per trading karne ke liye,2026-04-21 17:13:28
30fd64fe-a4e1-42e1-a924-d907170f0028,5,,MY LOVELY GROWW OFFICIAL OPTION MY BETTER PLATFORM INDIA'S 1RANK INDIAN🪄💝,2026-04-21 17:08:41
b87691ff-da4d-49ba-bf4f-7ad91bd5c7f9,5,,very good performance 👍🏻,2026-04-21 17:03:32
ccd7ca19-124e-4b0c-86f0-7a3410675c53,5,,very good,2026-04-21 16:52:47
a1ea91eb-dbe6-4934-b984-f8e0a281f2c2,5,,best,2026-04-21 16:50:07
bdc2cd4c-960b-4ec1-ab83-98e967205c92,5,,Croww app is very good services to investors,2026-04-21 16:14:27
dbafde1c-1e6f-4ecb-9636-d998b99d6606,2,,They are increased their brokarage chargesand it's not good,2026-04-21 16:06:41
27efcc5d-35cd-4c22-850f-ff57d7b89190,5,,very good app.. it's useful,2026-04-21 15:52:18
8f69d8dc-23eb-4ac4-ba78-341652cccaa4,5,,very very good,2026-04-21 15:29:51
592391b5-bb70-42e7-b2a8-ff52b34d6bee,2,,app is lagging most of time. not able to place the trade properly.,2026-04-21 15:14:41
302cfbae-2f70-4519-b086-4c070f6e9ab2,1,,brokerage charge are high..,2026-04-21 15:10:42
d268e43b-a841-4461-8477-540ded059c12,5,,👍👍👍,2026-04-21 14:52:34
d3580c91-f127-4f48-8241-c57b5b44d82a,1,,okay,2026-04-21 14:34:44
bc0fe0fd-c880-4f90-be69-b4fe80761064,1,,"it lag alot cant se price movement, candle formation even i updated still same issue iam facing",2026-04-21 14:27:35
8a089b54-def8-40b2-9f86-e08a91a38a9f,5,,best,2026-04-21 14:05:51
85f56501-89dd-4562-ab44-282e0230a0fe,5,,can get better .,2026-04-21 13:48:06
e529174a-efe2-4dec-9001-4afd1ed174ca,5,,Easy to Invest,2026-04-21 13:27:52
3aaa4e95-a0d0-4e98-a543-8f422e4bec05,5,,exllent,2026-04-21 13:26:48
e0cd0223-2553-4fe1-82fc-2d19d0b4529e,5,,nice 📲📲 app,2026-04-21 13:20:55
67971fa4-c301-4fab-ab10-83bbcda024db,5,,nice choice,2026-04-21 13:19:10
c278df31-df32-4651-92f6-fd17da7777bd,5,,crazy app,2026-04-21 13:08:32
27ddef2f-f23f-4f12-a299-c077412e17a5,5,,"best app ,interface is very easy to understand ,no unwanted data",2026-04-21 13:05:10
189cba85-b0eb-4cf6-8328-9726333e9d0d,5,,great,2026-04-21 12:53:34
b22b741d-cdde-4167-b22f-8b12b94b522a,5,,nice app work all india No- 1,2026-04-21 12:52:43
0a831183-bfad-4da7-a924-95221e36332c,5,,good app,2026-04-21 12:52:32
e3278b19-a458-4be8-ae05-daaa7eb9c66e,1,,1. After new update no expiry is written - when it is there - earlier it was written that today its expiry day . 2. index and sensex is now so small its look very bad . 3. when some news comes for particular stocks then that stocks must get one symbol like bell so that one know and open the news about that stock ... now i again again have to look for news section of every stock for any update. so kinldy do the change as soon as possible. ??? nothing is done for the same .,2026-04-21 12:45:47
b042854e-009d-41b4-b70c-8896226a9485,1,,flop,2026-04-21 12:43:57
6091c897-fa72-492f-a809-62688d0a8cdc,1,,don't use this app booohoth jada brokerage ka pese letha he ek din ka 2k. 3k brokarage jarahahe profit sirf 0 me bi koi use math karna is app ko,2026-04-21 12:36:02
433519a1-3f28-4432-a464-b97a2ce2e060,5,,it's good,2026-04-21 12:12:29
5fd53f6b-e6f6-47e3-9458-ad52096c6425,4,,"dear team, please develop position widget, so we can track it from mobile home screen.",2026-04-21 12:08:01
921b2522-612e-4210-a844-0f89bb102f4a,5,,good,2026-04-21 12:05:41
1ac7391b-b4b1-4103-aa95-0d78a025e8d3,5,,super,2026-04-21 11:54:47
196e30ae-89df-405c-b7d4-0bdc0e5c6502,5,,very good,2026-04-21 11:52:06
53d925c5-6a83-4455-bb06-c09653177095,4,,user interface awesome,2026-04-21 11:48:23
db46407f-333d-4a61-8a88-425c003b7412,5,,good,2026-04-21 11:45:15
ae765bfd-3007-4525-922d-359f732548a2,5,,good 💯 percent sahi hai,2026-04-21 11:36:16
fa4cfb10-f1a5-49f6-adb3-41a2584d8f4d,1,,worst work stoploss doesn't work on this app also very glitches happened. switching to another broker. now groww is scamming on points it's very bad.,2026-04-21 11:24:49
d02646c3-8b93-4cdc-9903-23d3735ee416,1,,New update is bakwaas... Back to back update,2026-04-21 11:17:38
f54d99e9-6157-4b1e-848b-66d0d3c030f6,5,,Excellent,2026-04-21 11:17:32
29ab8eaf-afb1-4fe0-85f0-781e7d799165,5,,Very user friendly experience,2026-04-21 11:08:22
bf34e430-3040-4167-980c-6c8d4ff8692d,4,,ok,2026-04-21 11:07:14
9a78dd9c-2b5a-4d0b-b600-019b60a8bd05,1,,worst application to trade at,2026-04-21 10:58:51
660316b0-4200-4631-9b66-d81041bdd65d,5,,awesome app and perfect design for new generation,2026-04-21 10:57:09
93f6ab68-e96b-4572-9d9b-dae2d24d86b4,5,,good,2026-04-21 10:36:38
0897964b-e2e7-4d9c-8919-7cee1d932732,1,,now grow is totally froud,2026-04-21 10:33:07
2218f216-2cb3-4faa-b2aa-67e5550e0694,5,,good app,2026-04-21 10:29:10
a8e0ea71-93b0-4e60-9075-5c59480db384,5,,very useful,2026-04-21 10:12:20
327653b2-176a-41b4-b264-3b7f35bfba41,5,,best paltfom investment. 👌👌,2026-04-21 10:04:21
0aa6441b-b06e-475d-ae27-e62e4668b6f3,5,,very good excellent,2026-04-21 09:58:50
0de23a52-b532-48e9-a1ff-df95012b2c95,4,,good,2026-04-21 09:50:21
2945190a-1aae-4469-8da4-0f0125b2f788,5,,Best savings for future,2026-04-21 09:47:25
11a3f4e0-5c9e-4a83-8620-93bc652062b2,5,,easy and user-friendly app.,2026-04-21 09:44:40
94be2d87-d438-4016-898f-3de419857c12,5,,great 👍,2026-04-21 09:44:20
39d8878b-209a-49d2-807a-7aa555945648,5,,very nice,2026-04-21 09:43:04
efd2ee27-66fd-4dfd-873c-ba2fd7cde160,5,,it's good,2026-04-21 09:41:25
5313ffc4-9e0e-4376-bbe6-5fc51512e306,5,,thank you very much,2026-04-21 09:37:37
5f82ffc7-c4e8-49ed-9796-eced891eadaf,5,,easy to handle,2026-04-21 09:23:01
6f47acd8-9511-4c3d-87df-6d495909508d,5,,best,2026-04-21 09:18:16
5b41d730-fc7f-4f2d-8fce-e2eb2489b196,4,,good,2026-04-21 09:12:58
5ddce02d-5949-4bcf-bdbd-945a2226ef7e,4,,nice,2026-04-21 09:10:18
37d1115c-b59e-4ecc-a415-bdbe9c69a7cc,4,,very Trusted App,2026-04-21 09:04:51
3ed85d7b-ca84-4128-8b94-2009953b4cb0,5,,esye to use,2026-04-21 08:57:12
d4acc210-f0a8-4f1a-aa51-8163874ab415,5,,best plateform,2026-04-21 08:55:35
02795bd9-2c1b-4838-819a-035b79555a66,5,,good,2026-04-21 08:52:59
90853165-34f6-4f93-81c9-12531a476ded,1,,brokerage high,2026-04-21 08:50:25
2b1f8b2e-b99d-4de2-820e-df2bc06545c9,1,,bad,2026-04-21 08:38:51
863ae856-cf97-4641-9360-d6f2aa833b3e,5,,trust app,2026-04-21 08:33:59
aa6b43b3-7b2a-4a4a-84bb-8b2371f8cd1b,5,,my dream stocks market trending Groww apps,2026-04-21 08:32:48
3b8ca183-48fa-4774-8ad5-2cf0bfc82fa7,5,,SBSE BEST APP LEKIN BROKERAGE SBSE HIGH BHI HAI...MTF ME...,2026-04-21 08:23:39
7e1e41bd-58ea-4e9e-a06a-1459c9c1d726,5,,not a bad,2026-04-21 08:17:42
aa6a6471-d5cb-4074-a642-51e07d7090ee,5,,thik hi,2026-04-21 08:05:03
27649db1-e495-4faa-9c58-3a99656fcdbe,1,,Brokerage fees comparatively high,2026-04-21 07:57:54
92e7ad15-8d03-4514-a6b5-ab7f40c01a53,5,,good,2026-04-21 07:49:21
ef5faa78-e036-46c6-b67c-82ab09a1dbf1,5,,super,2026-04-21 07:43:42
9a025e3c-64d4-45e2-89a3-6678e568273c,5,,very losees but succes,2026-04-21 07:39:18
c7498a1e-6838-4913-b965-39bb17262455,5,,good sIp setting not visible,2026-04-21 07:35:24
e566c44f-901b-414c-bd15-e036ffcb3774,1,,വളരെ വൃത്തികെട്ട app നമ്മൾ കഷ്ടപ്പെട്ട് ഉണ്ടാകുന്ന ഫ്രോഫിറ്റ് ഫുൾ അവർ തിന്നും... എന്റെ ബാലൻസിൽ ഇപ്പോൾ ഒരു 3000 രൂപ കുറവ് ഉണ്ട്.. അതിനെക്കുറിച്ചു ചോദിച്ചു നോക്കീട്ട് ഒരു Ai എന്തോ പുലമ്പുന്നു... അല്ലാതെ ഒരു കാര്യവും ഇല്ല,2026-04-21 07:10:36
0bc2ca39-f627-4f8e-b880-c19823a1e44b,5,,good app,2026-04-21 06:32:51
e8e396d2-5ea9-4fbe-ba9b-e4bee2cd7c2b,5,,good,2026-04-21 05:47:30
67159181-f3a0-4019-bcbb-d7995dae9ef4,2,,"it's brokerage charge is high even they advertised 0 % delivery charge but actually thay taken charge when you buy delivery stock and sell , even they say there charge call is 5 to 20 by grow charge but when you sell your delivery stocks they charge more then it, and other charge not included that tax and gov. charge is also add it's and your pfrofit is many time none if you investment little money",2026-04-21 03:56:48
f81c1919-deb0-47cb-98e6-e84291607804,3,,good👍,2026-04-21 02:44:10
7b108f6a-63d8-4684-b3e8-88c0672b6e52,5,,best effortlessly experience,2026-04-21 01:49:13
dfbe6308-608f-446e-aee6-aa1e21c44653,5,,good,2026-04-21 01:42:00
b38c1e62-be2b-452a-bc44-a9855cc7ff51,1,,worst of the worst experience..not recommended.. Specially on Expiry day,2026-04-21 01:41:01
7717aa6a-27ef-47b9-9bb2-48ad70956f10,5,,very good working,2026-04-21 00:52:19
d33ec3e4-85ea-48b6-a87f-dbc738cab474,5,,Excellent,2026-04-21 00:48:08
054ea5a1-08ba-4db4-86c8-cf982582f4dd,1,,super,2026-04-21 00:04:18
2b93cbdd-ddf5-471c-8170-140d58d3f3ce,5,,Ok,2026-04-20 23:49:22
72b3fcc0-ace3-4c30-8a48-53314542aa5b,5,,nice,2026-04-20 23:39:38
c756544b-5457-49b5-ad3d-872528d62862,5,,best best best best best platform in the world 🌎🔥💯🥰♥️♥️♥️♥️,2026-04-20 23:33:02
cd0e6f99-b499-4c4a-9614-245e56beab41,5,,good,2026-04-20 23:14:12
a948b2fb-5914-436f-853c-61f096aa91ce,5,,this is so beautiful aap 😊😊😊😊😊😊,2026-04-20 23:05:27
a5a181eb-3cb1-4e45-a975-45fc24740828,1,,Mtf brokerage charges is high,2026-04-20 22:33:56
f5e58395-992f-47c4-8216-838aa54a3588,4,,good,2026-04-20 22:13:48
8a558292-0699-434c-a6da-3f92caeebe03,5,,Best Platform,2026-04-20 21:55:28
f22a734f-0bab-48c8-a698-67a396711fdd,5,,very good app for investing.,2026-04-20 21:06:16
85e810b9-b59e-4eda-913a-4e4e88715ada,5,,Bahut acha app hai 😊 use karne ke liye simple hai or koi hiden charges bhi nahi hai 👌,2026-04-20 21:02:24
103be5ec-47e2-4340-a067-13381315af46,4,,good 👍,2026-04-20 20:59:19
df2f9430-ec1d-478e-9dc8-8a01d570ed40,5,,good👍,2026-04-20 20:56:16
bd70bb12-6eed-420c-9f1b-7fe8000c287c,5,,Good App,2026-04-20 20:41:19
dcb0aa82-3a7d-4e89-8d18-d616e2885f52,1,,"worst app don't install this because if you call customer care the minimum wait time they say 5min but it takes 30min wait time still they won't connect customer care instead they cut the call and again same procedure, I think grow don't have customer care service if at all may be 01 or 02 person are handling this sevice so my request to you people please don't install this useless app. I rate 0 star ⭐ out of 10.",2026-04-20 20:31:21
1af2126d-91f9-4a14-88ec-a172ab79bc88,1,,I lost my money,2026-04-20 20:24:57
d839ed4a-04f1-4792-8874-6b5b81efc95f,5,,great 👍🏻,2026-04-20 20:19:33
da141aab-08f5-43b7-a20b-daddefc75438,5,,Very convenient astrology consultation anytime *,2026-04-20 19:45:02
3e9c130b-aa69-40ed-be4c-cd0f31c921f3,5,,v.v good 👍🏻,2026-04-20 19:38:16
5e5cf386-3276-40e1-8452-af04f9e7cb8d,5,,bahut badhiya app lawab app mere ko achcha Laga Tum sabhi log download karo 🥰🥰,2026-04-20 19:29:23
2ef29442-9bfd-477c-ab8a-aa1ded4eafb0,5,,naic Good,2026-04-20 19:12:27
fcd495c0-3201-4fd2-a2ba-072d665c4c32,5,,so good,2026-04-20 19:12:03
9246bcc4-2efb-48ea-8116-2b1111fa0176,1,,this app is worst app I have ever installed . sell order auto-cancels every time it took me 6 to 7 days to sell . if you are in profit then sell order will not be executed and if you are in debt ( loss ) it will be executed instantly brokrage charges and GST are also high you can not make profit from this app atleast . Nill reply from customer service,2026-04-20 18:55:18
c793788c-2cd4-4d88-b58e-0c83d4a333ee,5,,very useful especially for beginners,2026-04-20 18:52:47
eb085d9c-cacf-465b-9eec-850cd4b1e283,5,,good,2026-04-20 18:39:16
5ba01aa1-e8cd-48b5-831e-be5d832c305a,4,,too much fees is cut,2026-04-20 18:16:43
d41a2518-af77-4f71-a607-0bcd67dc9950,5,,good company,2026-04-20 18:11:58
0e839ab2-ffe8-450c-bc10-1548b02f131f,5,,Good experience,2026-04-20 18:10:42
d8386151-d36a-4c4d-8d2e-89693fb2d618,5,,good,2026-04-20 18:09:49
6f28a544-5e1b-4cc2-96eb-6599f0923b34,4,,good 👍,2026-04-20 18:06:01
4bfda79f-1377-4290-a6cd-de50ef2251dd,4,,ok,2026-04-20 18:05:36
29e76b7a-b684-4815-8654-fb127ed0c733,5,,⭐⭐⭐⭐,2026-04-20 18:02:13
864fe0a5-8c8d-4b64-8938-8df6929da242,5,,very user-friendly UI and easy to sell/buy . it will be helpful for for new person who wants to open a trading account,2026-04-20 18:01:10
54c84763-1224-49a9-b0ec-6ba9ffe63e69,4,,good,2026-04-20 18:00:41
91acecd6-bf1c-4d06-89f0-d8b43fc457d6,5,,good,2026-04-20 17:54:27
7848fa84-5787-488c-b93c-828eb5e6cd16,5,,nice app,2026-04-20 17:43:11
f3d4876c-bc50-44f6-a520-762ecc4ac7ba,1,,very poor service,2026-04-20 17:40:30
5ea74132-1bdb-4756-a0dd-c2ca3f7ea304,5,,Excellant,2026-04-20 17:38:01
3982316c-5344-478b-af68-f9cb4861f5f9,5,,👍,2026-04-20 17:19:01
3b49af41-b092-47f0-bd46-deb4350c04c5,5,,good,2026-04-20 17:16:57
43a69985-b7ab-4a86-9795-fa3e74f6d430,5,,It is very good app.,2026-04-20 17:11:05
48106875-b9b0-4f34-9f17-3a10183f9b30,5,,Good,2026-04-20 16:59:08
1c69b489-8076-4097-83e7-e6e9c1b6878c,5,,nice,2026-04-20 16:30:51
dd590560-70ac-480a-8aaa-ef123063c705,5,,nice,2026-04-20 16:28:06
4e65cdc4-3a9c-4d98-acc5-d9f669bd80ea,5,,nice and very easy to handel,2026-04-20 16:14:00
8e17b63c-69ca-414a-9f71-8ddabc940d6b,5,,Good,2026-04-20 16:07:42
02e319a4-dfa1-4df0-93cf-6bebf0faaabf,5,,very user friendly,2026-04-20 15:50:59
999da1cd-8912-4307-8112-afa03111ee33,5,,nice,2026-04-20 15:31:30
72d73ecd-8c01-48e8-b67e-6fe5f330407c,5,,very good,2026-04-20 15:28:11
852bd622-1652-4b1b-aa97-f29ed552aed8,1,,its a legal looting... mental harrsament.. distracting youth,2026-04-20 15:27:37
18e14305-0bcf-4781-af7d-540b58e0c56e,5,,nice,2026-04-20 15:26:30
9b9901d7-20cf-4469-84a6-150e146fe388,5,,great app everything is clean and minimal is it understand,2026-04-20 15:23:39
78c1cc87-6fc4-4408-8995-5a9885bde44e,5,,nice aap,2026-04-20 14:36:45
457fe34e-a67b-4b15-b32f-712010b655c8,5,,very nice day,2026-04-20 14:34:04
25271641-6892-4dfb-96f6-fced5f6499bc,5,,good,2026-04-20 14:22:51
49f1638a-77fe-44b7-9379-de9edf3fbcf6,5,,It is too easy to use.,2026-04-20 14:20:48
12265718-ea54-4cbb-8fb2-e3a12642c64a,1,,this app is a scam. pls don't use,2026-04-20 13:59:09
a0f47a87-ea56-47d0-b770-36427d14114f,5,,excellent,2026-04-20 13:52:46
c10d1561-7edd-4e23-86e3-af448049e442,5,,thank you for this app,2026-04-20 13:44:43
f914b6e0-b0cd-4ee1-b996-7b3f5ca73664,5,,best,2026-04-20 13:36:57
70291ba1-5403-4583-a3a9-b4c3472f77b4,5,,good,2026-04-20 13:28:29
513b3e95-4750-454c-8a8a-e0548058ef79,1,,"third class gutter class app always glitches money loosing, if u r an retailer you lost all of your money if u use grow appp",2026-04-20 13:22:17
f5441920-74e7-4fd1-a87e-cd65f42e1c13,5,,jordar app,2026-04-20 13:16:30
b3ad0ca9-80c1-4a98-9a7b-708b5329d27a,4,,super,2026-04-20 13:12:25
9b98bf4a-56e8-40d1-b59c-9d52dd9d2b66,1,,"If Groww cannot execute orders at the correct price and repeatedly hits the wrong target, how are traders supposed to trust the platform for professional trading in Nifty 50 F&O? These technical issues can lead to serious financial losses i Will delete my grow account now",2026-04-20 13:07:20
1c610b7c-4c6e-4854-8639-3e28196bfeda,5,,nice 👍,2026-04-20 13:05:55
39910e21-18a9-4c2c-9708-4aad8986c9f1,5,,super,2026-04-20 13:05:53
a7b39cab-4932-4694-a329-bbc5981d3c6a,5,,easy to use,2026-04-20 13:04:27
e66a4433-b7ef-4dff-8c98-2391cbea659e,5,,good,2026-04-20 13:03:39
e59cfc72-b6db-494b-a2c6-8835ad1f44a5,4,,"easy to access, good response, quick transfer",2026-04-20 12:58:58
5e817e8e-dd2a-40c9-a46b-99c1280b7697,5,,OUTSTANDING performance,2026-04-20 12:50:33
64886890-5236-4555-9eca-4441dcc4252f,5,,best,2026-04-20 12:46:33
4b9d1a53-9e58-4549-b71d-80a1804330ed,5,,best,2026-04-20 12:41:46
50bb8193-41e8-4533-b93c-5375e432b13a,5,,really good app,2026-04-20 12:30:41
1ed48135-b0c5-4ed4-9b01-bd4105e936f7,5,,good,2026-04-20 12:20:27
8cb60582-0970-4648-86d7-b3b53ab4dd49,1,,Black list Company Not Remove on Groww app(Bharat Global Developers ),2026-04-20 12:19:09
df1c5693-c8a2-43f5-92cc-7f80eb337014,5,,good,2026-04-20 12:14:38
69f63930-5e47-4727-b2b0-f29ef384b0eb,5,,all good,2026-04-20 12:05:00
f5a222b8-7c39-48a3-a52e-dd7ef730da8a,5,,good,2026-04-20 11:48:59
7b228aab-9dcd-4eac-b92e-c8834f99391a,4,,good,2026-04-20 11:38:37
9bec5799-b15c-4f95-bf8b-7ed138573dcf,5,,good app's,2026-04-20 11:35:24
8ab6642c-d4db-4b9f-a399-879e5b6ad30a,5,,gud,2026-04-20 11:32:57
a72c7a08-8556-47d8-8a2c-e1840d6616e7,5,,good platform,2026-04-20 11:31:39
de2a0c5c-83a3-4690-bd52-560819f4d60a,5,,good,2026-04-20 11:30:28
ccd2208e-2ea7-462b-99b6-5f74754d0793,5,,👍💯,2026-04-20 11:21:43
a1db7866-8abc-4e72-8e8b-3b5d5947a4b4,5,,good broker 😃,2026-04-20 11:18:44
72664905-1fb0-4310-a263-298f01a39fa1,5,,excellent,2026-04-20 11:10:39
8b31dd0c-b136-4164-909e-6c248532fbb7,5,,good & real aap,2026-04-20 11:07:04
d48b2f26-4783-4fc5-8799-709679a13771,3,,unable to delete my account,2026-04-20 10:58:36
4c5fba67-31a1-4d83-a567-f454eccd7560,5,,good platform for investing,2026-04-20 10:58:26
31a70554-37ec-4056-abb3-11a9700ad9bb,4,,achha hai,2026-04-20 10:58:08
57343490-b1db-4c2a-8989-fbb401293fa4,5,,this is the great platform for the investing and also great for the bestest and trusted app this is you can earn more and more great,2026-04-20 10:57:35
ed8d33b2-ef8c-489e-9487-4558e24f2920,5,,this is really nice app and very good working,2026-04-20 10:57:33
89044200-2d01-449f-b5cf-81f4792efc59,5,,good,2026-04-20 10:53:29
c8b26795-d898-433a-9d12-9a1c2600b962,5,,good and easy used,2026-04-20 10:52:32
87fe524b-9dcd-4f49-a2b3-9a65327ef88b,4,,not bad,2026-04-20 10:45:50
38140bd2-3796-4e7c-92ea-7941f1aeff06,5,,v good,2026-04-20 10:39:39
206895cb-89dd-4085-aa32-32f492565574,5,,good app,2026-04-20 10:33:13
1f3bd467-efc1-4fb0-93fc-0fb827e3ce96,3,,good,2026-04-20 10:29:17
0cfe4459-dec1-46e6-8913-53b4484d127f,5,,reliable for 7years.,2026-04-20 10:28:40
e8381df9-6d65-43b6-ad06-68689852c199,5,,Nice platform to grow wealth.,2026-04-20 10:22:40
f149ec74-5520-473f-841e-99c4e29a7287,5,,good app,2026-04-20 10:09:36
165b78a3-c262-44c2-a731-b7bcd2df68e0,3,,Good for Investment,2026-04-20 10:08:19
9bc7489c-0217-4d0a-8593-ff8ced9e53ef,5,,good,2026-04-20 10:07:52
2e1b6219-a88d-4937-976b-ab2b69ded596,4,,good,2026-04-20 10:06:52
3e58438b-2fc3-4abb-8bd1-65a66cc42580,5,,tarik ki majboori nhi samjhte ye log.,2026-04-20 10:06:21
c26fe5ed-77a4-4dac-a4ed-1878e19ccdb7,1,,nice,2026-04-20 10:01:36
8f00d683-5e8a-4d95-8f65-be62bc0ded48,5,,ok 👌,2026-04-20 10:00:52
6c69e5f0-87e1-4350-8379-12cc11387249,5,,super 👍,2026-04-20 09:59:02
f76abaab-27fc-4730-8ef3-a62c7c0c81e9,5,,nice,2026-04-20 09:52:03
ca149e03-541b-4cdd-abdd-4d935fadf073,5,,awesome 😎😎😎,2026-04-20 09:52:01
4f1e6cc5-6adf-42ff-94cc-92425d72ea79,5,,nice application,2026-04-20 09:51:19
172e48fb-b817-44f6-868f-a328061155db,5,,good,2026-04-20 09:50:43
4bed8d22-4df8-48da-97ef-6d2266009c2f,5,,good 👍,2026-04-20 09:49:04
7f7418b6-9ef3-4be8-8f13-7bc6483a2ac1,4,,It's good for investment,2026-04-20 09:47:32
803b6359-0091-4d78-95c9-c34cc3bd50cd,5,,very good 👍,2026-04-20 09:47:04
a2e9254d-9388-4b35-aaf7-bfb0dfcc6c07,5,,very good 👍👍 treding aap,2026-04-20 09:39:39
fc768e39-52fc-4b73-9240-69f083778e8f,5,,good app to start stock market and mutual funds for beginners,2026-04-20 09:38:30
d6ffdad0-d184-4a6e-9f16-cfe7d949d0fd,4,,good working app,2026-04-20 09:36:41
c7103285-c388-4bec-bfc3-71a318b36fa5,5,,aap bahut hi achcha Laga,2026-04-20 09:36:26
c0e8785a-f9b0-4ab7-96d3-6af8dccd1678,5,,"I have been using the Groww app since 2021, and it is a good platform for investment. The app is user-friendly, easy to navigate, and suitable for both beginners and experienced investors.",2026-04-20 09:35:04
d52e31f1-8eb8-4fa0-926d-2b4442f15082,5,,operate very easy,2026-04-20 09:33:32
5c434679-94de-4775-8e66-91e7ccdf28ae,5,,good,2026-04-20 09:32:55
2606e22d-e3a3-4e73-81a1-aa8a73e0c04a,5,,best app for trading,2026-04-20 09:25:04
bea4a7ec-4c31-44e7-a666-786d88805310,5,,ok good 👍🏻😊,2026-04-20 09:18:29
5e825f00-7147-4761-b5bd-616b49028d62,5,,best app for trading,2026-04-20 09:17:01
ba9cd2e8-fff2-43a4-bc1e-96a2099974f9,5,,Absolutely phenomenal app. Will get everything you could possibly need in terms of instruments or information and in a really great user interface that you just cannot not win with.,2026-04-20 09:14:29
ddbcb9a9-94dd-4475-82da-d1a36906151d,5,,very nice app for trades please download and try,2026-04-20 09:12:17
66311b76-1818-4e6d-a8a9-15e335cae031,5,,very good,2026-04-20 09:03:35
65f925b3-7376-4296-8659-bcbeba8b7575,5,,good,2026-04-20 09:01:57
7d91e398-ad80-41bb-87cf-b85b7416a355,4,,it was good.,2026-04-20 08:58:04
72f11246-551d-45bc-aa39-bff478284097,5,,Great app for new beginners,2026-04-20 08:57:11
14830f94-6f48-46ba-b854-8152994239be,5,,nice app,2026-04-20 08:47:47
f750b59c-c4f5-4bec-b523-ba9c6eb8c492,5,,very good,2026-04-20 08:47:19
11a3f8dd-57af-4c4b-a950-5c240a022e48,5,,good,2026-04-20 08:34:03
5af2364a-1408-4043-b9d7-f9f494400085,5,,no 1 app for trading,2026-04-20 08:27:34
52381d77-3a78-4df9-a5a3-71f9f5c1b12c,5,,Nice 👍,2026-04-20 08:08:15
0fe1c34b-5e80-4c83-86b0-4ca9841a4f0a,4,,nice,2026-04-20 08:05:23
7ad5d1f7-3fcd-4f70-bbd8-bf1994a633fc,5,,nice,2026-04-20 07:43:51
a4ea79df-707f-4163-a7ef-ef77bc22f680,5,,Super,2026-04-20 07:31:49
1b29ce9d-2d42-44ed-8fc8-464bd7a022c1,5,,और नहीं इससे बेहतर!,2026-04-20 07:30:22
d0ec405f-0e5a-4a25-8e72-b5398032756a,5,,👍,2026-04-20 07:23:42
a78598ac-58ce-4136-9a4d-651985b1b28a,5,,this is best 😀😀😀,2026-04-20 07:16:30
9cee218a-4ed7-41d6-9af0-dde0d2d4d2ad,5,,good,2026-04-20 06:59:06
e2db810d-fb28-4b33-9ce3-b34642481e8c,5,,owsm for stock and share market,2026-04-20 06:51:29
1c78acce-8063-45b6-ae63-5ec2b63b469f,5,,Good app and user friendly,2026-04-20 06:50:02
21534ec4-8d19-4aef-b298-2b564af3244b,4,,very well,2026-04-20 06:24:25
8c852dee-e91d-4694-bf63-ae0ecde084df,5,,Best Finance App,2026-04-20 04:17:42
75ba0b08-3aea-4458-93f2-0ed52c2591ea,5,,great support for investment,2026-04-20 04:03:47
e6aba7f9-6685-4b82-81cc-c6a38af91430,5,,"good for trading it keeps me updated and the return data, news and everything is quite accurate so far I'm enjoying using it ❤️",2026-04-20 01:51:16
0f45b702-2b48-47d0-8cc9-e2f0916c7f99,5,,exlent,2026-04-20 01:38:52
90c110bf-0662-4706-8896-0db0b67ec3c8,4,,good,2026-04-20 01:32:50
bf513a78-3863-48c6-a985-fcbb8eed04b1,5,,best app for investment,2026-04-19 23:51:13
ead05c71-487f-4caa-b746-58b3cef8e3e4,5,,The easiest and user friendly platform with no error. I will tell others to come and join GROWW once. 🙏,2026-04-19 23:02:41
ae8d3ac6-6e26-422c-a18c-2803755ae79c,5,,Grow is my favourite investment platform. Iam Happy for my broker is grow...,2026-04-19 22:59:31
db12f078-9948-4d4c-b13b-f0cba73379dd,5,,love the User interface. other app should learn from this,2026-04-19 22:51:33
b6146f01-a62d-4152-bbae-6485f15f3a65,5,,good investment platform,2026-04-19 22:30:39
952f30de-c0ff-496f-a1fb-485a339bdbd2,1,,very usefull app,2026-04-19 22:21:59
6ca2b589-8952-42c3-99b3-69e42ca72583,5,,good 👍,2026-04-19 22:15:21
86636917-7892-404c-ae59-0761f2cbe5be,5,,Nice Experience,2026-04-19 21:57:41
a19ed6e4-23c9-482e-b1e2-2f1b35e7d1c0,5,,it's very easy to use,2026-04-19 21:54:42
94f45317-c158-4f79-8c9f-917530fb785d,4,,very gud flatform...,2026-04-19 21:39:43
010d98ca-6e01-41d2-8bc8-1cccc7112fcc,5,,great,2026-04-19 21:28:29
687e6658-c518-4358-a890-4e08f54ee12f,1,,"it's fake app, do not invest via this, I am struggling in reclaiming my 70k, it's fraud app, do not use",2026-04-19 20:54:24
9d0039f8-5ecb-4cc1-bb01-d46f7ca66e5a,5,,good,2026-04-19 20:44:15
ac8af399-d2c6-4de3-9c41-6a3f251e46fb,5,,very nice and easy,2026-04-19 20:30:42
5f6dae67-4dd0-4427-8af3-473fa88ab467,4,,very good experience upar upar,2026-04-19 19:53:04
62eaef8b-74a4-4884-91ba-5cd9353bc58a,5,,Broker charge kam kijiye,2026-04-19 19:48:12
6de92d59-9600-4f04-9372-4dfb642d08fc,5,,nice,2026-04-19 19:35:49
7558e4c7-27c6-4b29-9e3b-126eb507ee31,5,,good,2026-04-19 18:32:54
107a0008-cbd8-4684-8002-b07400df172d,3,,"Use of app, is not much user friendly. lagging behind its Peer, considering filter, sorting features.",2026-04-19 18:20:06
2f2d1fbb-56ab-4be0-a9b9-a23f7fa95e6f,5,,the app is Best,2026-04-19 18:12:40
bda9dc73-6e81-4c8a-bd92-510e838b7e94,5,,thank u so much 😊🙏 Growwwwww 🤞❤️🫶👀,2026-04-19 18:10:12
49384162-ac6a-48b3-baff-36de4573a02b,5,,nice app,2026-04-19 17:57:58
c2633221-3723-4d92-9253-3fbc06c5c9fa,5,,very helpful and good 👍,2026-04-19 17:47:24
f8e2ac9e-45ae-43ec-9779-3428b436495a,4,,nice,2026-04-19 17:45:10
bd035c88-6f9d-4d87-be7a-08c32b4f4a6c,5,,such a growth the groww,2026-04-19 17:27:17
ebdbec1b-be6b-44b5-807b-ab8b8361a351,5,,simple,2026-04-19 16:53:21
94d3f84e-d0d2-4692-8f45-f4a66d9b5f9c,5,,Good,2026-04-19 16:51:12
10918448-65ef-42cf-869f-39d7abcf49b4,5,,crazyyyyyy,2026-04-19 16:51:06
7613d264-86b3-4b97-98ed-fba3206b7f7c,5,,nice,2026-04-19 16:42:09
10bc3ce0-023e-41e2-b20e-563e67d75438,5,,nice 🙂,2026-04-19 16:20:39
c203818d-651e-492f-817e-5ac91615638e,5,,nice 👍,2026-04-19 16:14:16
af74df31-2d30-4f69-9583-7c7091465d43,5,,user friendly,2026-04-19 16:12:10
ada14caa-4b02-4308-902d-3fe262a35150,5,,easy use,2026-04-19 16:11:09
671a0397-266c-4dd0-a9d5-a0b7d8b2eb88,5,,fabulous 😍🤩,2026-04-19 15:59:54
8a4ad290-a4ac-466a-b841-d5c9a0d4b24c,5,,very nice,2026-04-19 15:58:37
b85a42fc-9034-455e-b7db-7b745535a0dd,5,,good,2026-04-19 15:05:20
ceccd136-1299-4523-a471-949d22d48f7b,1,,most beautiful app,2026-04-19 14:57:52
0969aa17-dbff-47ab-b2e5-54a03bca8bd7,5,,good,2026-04-19 14:47:37
199840d6-293f-47e1-ae51-f2407ff9a2b2,5,,very good,2026-04-19 14:35:46
676ce9a8-29f2-405e-9782-b585f72eaf20,5,,easy for beginners,2026-04-19 14:35:04
1d8a1cb3-ac85-4df0-989b-301b537504a1,4,,very fast,2026-04-19 14:19:56
a88f3c99-0a65-4131-b525-d2ffd8b58cb1,5,,Good 👍,2026-04-19 14:11:55
b910edc1-a97f-4dc7-bed2-73e3f1456ca2,5,,amazing,2026-04-19 13:59:38
1cfdf6b6-9d12-48b5-a0d9-95c2e73a25b9,5,,"One of my most favorite applications for investing and trading! The interface is clean, simple, and very user-friendly, making it perfect for both beginners and experienced users. Everything from stocks to mutual funds is easily accessible, and transactions are smooth and quick. Highly recommend Groww to anyone looking for a reliable and hassle-free investment platform!",2026-04-19 13:52:16
1c279024-5ee9-4bc8-997d-94c93bca4425,4,,very good,2026-04-19 13:48:04
a789593a-bae4-446c-b0d0-797a935a088a,5,,best grow app,2026-04-19 13:11:00
fbd28823-1e9a-40ae-85b6-88e9cd9ee974,5,,it's good,2026-04-19 13:08:06
ec006e80-b532-4275-ad1a-7b7f202fa71f,4,,okay,2026-04-19 13:01:52
2714eda6-8437-4125-b3bc-b9a1efa90e41,5,,good,2026-04-19 12:47:20
e0f2e5a0-6df7-4438-a5d2-3964f547416a,4,,👌👌,2026-04-19 12:45:06
f910103c-7f96-4d4a-abd7-b1f3254d9e59,5,,Good,2026-04-19 12:41:21
e4bb2fbd-38a0-4ee8-ba9c-3f0954f57c4e,5,,I m very happy,2026-04-19 12:33:43
f287d6e5-ae8f-4959-bd7b-7c6181c7f516,5,,very good 👍👍👍,2026-04-19 12:16:49
c0fe35cc-192a-4914-acc5-388e3c05e81e,5,,👍,2026-04-19 12:05:30
70a00b7b-8b5d-402d-aecc-bc6df416a6a0,5,,very good,2026-04-19 11:40:21
86e19682-4a21-4c09-98a2-d8687a0c6eff,1,,brokerage so high,2026-04-19 11:33:10
cdb105bd-0dfa-4fe1-a9c3-0a35e111e75a,5,,overall good 👍,2026-04-19 11:29:28
3bbc149d-05b3-4b18-8d1f-496258c8ff3f,5,,good 👍,2026-04-19 11:27:03
0ed64c7a-6309-4258-99c4-9eab902cbe3d,5,,nice,2026-04-19 11:20:35
3affc25d-04c5-4f0f-8c78-7166616c4907,5,,fantastic time and cognitive,2026-04-19 11:17:47
d20b805c-89ca-4a30-8a6f-cfabf36e91d3,5,,good apps,2026-04-19 11:15:51
44734e73-a312-4e55-bd6c-8c44286f46f3,5,,good,2026-04-19 11:08:48
0df0e138-e6c9-4282-9d71-948dd542c867,5,,Nice,2026-04-19 11:04:05
66cf73be-5bb0-4a06-b04f-3ba87a9cbb18,4,,grow is best application for murtal funds.,2026-04-19 11:00:41
a39f69b2-c73c-4e44-a845-0c4f95fda2a0,5,,very good,2026-04-19 10:52:49
e937a6fd-03b1-47e8-ac5b-353cc4ccb270,5,,i am first time mutual fund stood i thing this is good 👍 for me in my future investment 💕💕💕💕💕......,2026-04-19 10:21:42
7554c96a-fc2c-4005-9d1e-e06ed5e8f66c,5,,Awesome,2026-04-19 10:08:09
3525da91-1326-43c2-9948-078d6ef81873,5,,super,2026-04-19 10:07:17
54eddd36-034e-411c-897b-cc250c1a28bf,1,,"Extremely frustrated with your pathetic system. If the PAN is the same, why demand offline signatures for Re-KYC? Online onboarding but offline updates make no sense. Your support bots and agents are useless. As a YouTuber, I’ll now expose your flawed system to my audience. I’m closing my account and moving to a better broker.",2026-04-19 09:59:01
7ac2724b-8b63-4cb5-968f-5275674d5f97,1,,"update kyc will require 50₹ 🤣 , clown app",2026-04-19 09:41:27
70d16f91-8216-4f84-847b-f311b57ef6b0,5,,unbelievable app,2026-04-19 09:36:00
86303aa4-cb13-4334-a931-d5c3494fd092,3,,Some time hang app & not show correct data .,2026-04-19 09:27:56
2296a837-f338-425d-bc2d-7897111fb9ef,5,,excellent app,2026-04-19 09:27:40
3ed61b30-e99e-4f94-bbf5-83ce616b2977,5,,good,2026-04-19 09:11:16
3a3b2d33-fa9c-418a-94c2-49d737a830c0,5,,nice,2026-04-19 09:01:12
c65f82c0-6af3-4ef1-bfa4-c35267ec156b,5,,very nice game and app,2026-04-19 08:43:47
b97cb512-991e-46b7-8bea-61a5a575deb0,5,,super,2026-04-19 08:29:35
2c32d5c9-39d0-4bbe-9a6b-e966c462ff63,5,,Good,2026-04-19 08:10:03
87523f9a-a421-4319-a119-a96e287f7efe,5,,good,2026-04-19 07:18:27
a6ff7992-d929-4738-afd7-e64ae308b7cb,5,,verry nice service...👍,2026-04-19 07:08:08
968fbaa2-c9c8-4733-a15f-860c49633c5a,5,,Excellent,2026-04-19 07:08:06
62344297-9fe3-4017-969c-ea7003b20374,5,,good 👍,2026-04-19 07:02:47
94889014-cca9-49f4-a452-9f031999d5e1,5,,exalent,2026-04-19 06:57:58
15297fb3-083a-4c98-936b-3ec3bcaf9274,5,,great,2026-04-19 06:57:38
6f929ac8-c1f1-4393-b098-e401e866eb63,5,,super fantastic amazing very good,2026-04-19 06:39:49
2d46b3e7-b8a8-4ba7-8126-afc512c20976,5,,good,2026-04-19 06:37:14
322b8471-ddb1-4be5-929b-0273dd64e30f,5,,This app is so good but hidden charging and government charging so many so Very bad for any treaders,2026-04-19 06:17:01
9e73628f-2b31-43cc-85fc-85d4b55029bf,4,,perfect for beginners,2026-04-19 06:06:51
062468fd-a08d-4573-925e-baa90a66d7c9,5,,Good,2026-04-19 06:06:47
2163ffdd-960a-43b9-8b3e-cce314880acc,1,,3rd class adds,2026-04-19 01:57:03
6bd843e8-772e-45e3-98aa-bd4b90c7ab6a,1,,"AMC have credited the amount in my old bank account which was freeze. I cannot access it. Despite of telling hundreds times to change my bank account, you did not. You made me do the courier 2 times for account update, but you never update my bank account. It cost me 500 rupee for courier and now 3,123 . Now I'm going to take legal action, it's your fault.",2026-04-19 00:36:16
3f1bf14e-e9d9-4eba-a53f-02fe7aa5c60d,5,,this app use very easy and simple. i am understanding easy this app,2026-04-18 23:57:48
9cc747de-506b-40ed-9221-34c08768fef0,1,,very bad,2026-04-18 23:48:45
472cdef0-0dca-46f3-b7db-cea10b6c6b04,5,,very good app,2026-04-18 23:47:46
0d394246-02fd-48b8-9b33-1475a1426f38,5,,very comfortable for a beginner investment,2026-04-18 23:43:13
d9382f37-1d61-4e28-8358-4646023097db,5,,absolutely the best app,2026-04-18 23:36:02
b9315c64-b896-4e38-95f5-fb7b0ad45958,5,,good,2026-04-18 23:32:37
b52a498c-9324-4182-b9d7-9820614e6518,5,,Very easy to Freshers,2026-04-18 23:07:32
03d8d045-ebc3-41a4-a7d8-8440a731e06e,5,,now at Great app happy now Sir tnx Long time user,2026-04-18 23:04:19
1f61468b-d38d-4f77-ab58-7ab0e4404b0a,5,,osm,2026-04-18 22:57:59
d0116557-ba7e-4b25-840c-bc8a95042e11,5,,"Best ui i have seen made me switch from other broker app. UPI payments are surprisingly fast love it. suggestions 1. more features can be added to upi like upi lite, upi widgets etc",2026-04-18 22:51:55
32b3d3b7-67f0-465f-8564-8ecb3eb78750,5,,over all Very Good app,2026-04-18 22:49:45
fcfe2817-a91a-41a6-b7d9-78bbf2395651,5,,very nice,2026-04-18 22:40:46
e2e3fb0a-5c5c-4ba9-a0f9-71e7a1ff1192,4,,thanks for helping for poor people,2026-04-18 21:51:49
eb94e1de-c83d-46ef-a898-34de619d050f,4,,provide more security and solve the problem as early as,2026-04-18 21:44:33
40c6fcca-588c-4dd1-85d5-7e8798f77fd0,5,,👍🏻,2026-04-18 21:40:59
6e332474-b15c-4b29-8382-83331caeebe5,5,,best,2026-04-18 21:35:04
5b3613f2-04f1-4a9f-b8c0-cbd505c97009,5,,easy to invest free demat account very nice platform for investing.,2026-04-18 21:31:18
39c46a20-dd09-4a87-8395-806df8730ed9,5,,good 👍🏻,2026-04-18 21:30:13
5e352c12-135c-4447-ae52-7d8d0edd7204,5,,good,2026-04-18 21:26:28
97b9ac32-adaa-4951-b6d1-972a9792071d,5,,best browsing app 👍,2026-04-18 21:15:52
7f645223-f250-4b5e-9b08-7bbd7c68c8fb,5,,best app,2026-04-18 21:10:59
51a94f38-f17e-4aa4-89dd-3c1cb65b632c,5,,nice 👍,2026-04-18 20:34:07
b4c68a12-7a51-49c4-b74e-4ff55a725a43,5,,very good,2026-04-18 20:21:01
0240aab7-4301-4368-9c53-2962b1a18a88,5,,nice,2026-04-18 20:17:34
ae5cd370-d143-45de-bd38-a1fbef805eea,5,,good app,2026-04-18 20:10:26
5a7e0c75-55a8-40fb-9ed8-6509413de6f2,5,,very good,2026-04-18 19:53:16
a7008035-6910-47bc-b697-7aa490f251c4,5,,good,2026-04-18 19:49:26
687443ea-10d1-4123-8094-eac9b557811a,1,,One Of The Worst Apps For Trading Before Reaching SL Price Automatically Sell Position Also For Buying Buy At High Price ; Don't Use It,2026-04-18 19:42:40
1186033a-bfcf-484c-9c0d-b48669da3637,5,,excellent,2026-04-18 19:20:47
940a1a15-6b8a-4e1a-ac9b-c7905168921c,1,,good,2026-04-18 19:19:32
d800e73c-7fcc-492d-a0be-486cddad36a8,4,,"I have been using the app for 3 years It is overall good. It need to improve at order execution in the intraday segment , it lags in speed execution.",2026-04-18 19:04:41
5faa3305-e9c9-4870-be7e-858aa0b120d4,5,,excellent 👌,2026-04-18 18:55:10
919f4768-8959-462f-98be-43fe8657e841,5,,excellent 👍👌,2026-04-18 18:41:42
e144474f-2e3f-4374-8172-a0b54c5b3a23,5,,good,2026-04-18 18:36:23
d4c5a13e-c0df-446e-a48b-cf7f637cd74e,5,,good and easy application for market,2026-04-18 18:32:00
eaf32244-1f8d-49d5-896d-b4d5ca17d29c,5,,good,2026-04-18 18:30:45
dfeaa266-2faf-4f24-9ed4-3f1fcdd8ce30,5,,अच्छा है,2026-04-18 18:22:24
ec35cd98-033d-416c-8a37-351e5c6614ce,5,,शानदार,2026-04-18 18:06:31
e1886533-8a0e-4333-bc6d-3d6613a156ca,5,,very nice app,2026-04-18 17:58:19
7a3b0840-0464-4d90-ac23-4b383580ced3,1,,"Don't install this app totally frustrating, once they received your money, don't take back easily, no customer support services, please don't spoil your time and mony.. 🙏",2026-04-18 17:44:10
7e5fa00d-abec-40d8-94ff-71e1a038af8e,5,,very good 👍,2026-04-18 17:41:08
d2f1e064-c7c1-4725-865d-78b11fd808bb,5,,very good,2026-04-18 17:20:27
83597ec6-53aa-41ce-a7a3-84e0ceb82a2b,5,,good,2026-04-18 17:02:58
70be338d-23fc-4df8-98e1-19485f1c6171,5,,I am very happy with groww,2026-04-18 16:52:52
f420aca6-b98a-4058-a214-cbc430162c28,5,,well done,2026-04-18 16:51:19
1d82beb3-0ef9-4da1-a74f-556485ca2d4f,5,,good,2026-04-18 16:12:59
944813e6-f762-4b01-8893-42ede965e17c,5,,excellent 👍 app,2026-04-18 16:11:10
dceb21ce-327b-4629-8856-6e1529b6a9d3,5,,very good,2026-04-18 15:47:22
f2a6baab-4855-4e65-8bf9-3a8e1d54e9d2,5,,great app,2026-04-18 15:23:39
627613c6-8a8e-498b-88d2-f5090fdeec9e,1,,UPI section is not loading i complaint it about 5 to 6 time and many different days but It can't resolve help me 😔 that was not expected from grow.,2026-04-18 15:09:59
8f15a067-4c35-4cc7-8c68-ce659bfbf7c1,5,,good,2026-04-18 15:09:30
13725572-73d7-4d7e-9ccd-f0a440fbe7c3,5,,Apps it's good but I have no money 😞,2026-04-18 14:51:14
cf852e5d-ff62-4ed3-bec8-c266079beea3,5,,nice app,2026-04-18 14:45:46
91457a8e-eb54-4792-8dab-7491587545f7,5,,no risk,2026-04-18 14:00:14
c4002ff9-1083-4bb0-afb0-34eafa64b1b1,5,,good,2026-04-18 13:54:54
1c232660-1113-49ba-b29e-8f76d9071776,5,,very good,2026-04-18 13:41:49
2e119eee-dcac-4199-9b43-e20a46af817f,4,,very good,2026-04-18 13:38:46
b0e71c44-421e-4d62-ad00-1bf2572b2d03,5,,osam,2026-04-18 13:38:15
3c548795-d209-4d1e-ba00-fc67fa6e6eac,5,,it's definitely good for trading,2026-04-18 13:18:10
bebb61ba-74eb-4af6-a3b9-f5cd5b4b8219,4,,ok,2026-04-18 13:16:22
2d7fd7a2-32fc-487c-b368-87463302cb45,5,,nice application use easy,2026-04-18 13:07:48
4d516e34-eae3-45cd-8e9b-fd5b4462d98f,4,,Best Treding platform.,2026-04-18 13:03:55
4ff837db-ad0d-4d76-9fdb-ede53a9378e3,5,,Excellent Mutual fund app,2026-04-18 12:51:07
008d6220-5408-4ba8-9f29-a2c75edb2959,4,,good,2026-04-18 12:12:41
65ec4b0c-d4e8-4693-972f-22ae78eec3d8,5,,very good,2026-04-18 12:12:38
d9670633-0916-477f-bea1-256816033064,5,,good 👍😊,2026-04-18 12:10:24
e5d6089f-87ae-476d-a1ca-6390a7b02a45,5,,super easy app to use,2026-04-18 11:43:23
2be00f5b-f2d0-4704-9c78-031f3b3285a9,5,,best,2026-04-18 11:36:29
e74c8dbc-bc69-4523-91a6-0482cbeb898b,5,,superb quality and quality ok,2026-04-18 11:33:03
c85b4ecb-2968-496f-b2a4-39cd8f0fef52,5,,very good investment app,2026-04-18 11:29:37
17ce7374-2147-4b45-89a6-91ab10410ff3,5,,v good 💯😊,2026-04-18 11:26:44
c90c8aa2-a0ee-4ae8-9738-edb6eb93de51,1,,fake app but trading ke liye best,2026-04-18 11:19:47
df12c546-b4cb-47f1-b89b-2a3995f94894,5,,Groww app is 👌,2026-04-18 11:18:38
dd18a8c8-0632-4bfd-a9ea-33a62079fc31,4,,best for beginners,2026-04-18 11:07:20
f6ffb956-9340-4ecf-9aa1-4dba08b320fa,5,,mast,2026-04-18 10:50:06
c0712b8a-27a2-4cde-b0b2-04bad46f917e,5,,Groww apps Nice 👍,2026-04-18 10:48:47
e61c6833-0d5f-4e40-9438-28fb49e7672f,5,,good,2026-04-18 10:30:33
6eb345b5-3676-49fe-8522-71377bba1311,5,,love you,2026-04-18 10:25:26
c4d2b172-aeb9-4608-a88f-53e4fa102e6c,5,,ok,2026-04-18 10:21:59
8287f20d-c5e2-4135-950b-dac19cf6efab,5,,Better,2026-04-18 10:19:32
571b74f8-ae15-433c-8fe7-acb0c7d961a4,5,,Good,2026-04-18 10:18:28
2fe5d6c9-5655-4f6f-8b1d-7dc63b406bbb,5,,Good,2026-04-18 10:17:39
def01260-1f00-45e1-b5e5-15e11013d3c9,5,,nice and easy to manage,2026-04-18 10:17:37
92e22785-0bf4-4000-9ed8-d22a2c2f8d02,5,,good,2026-04-18 10:00:55
a6f1d095-bae3-45da-926e-622ac56f50df,5,,good,2026-04-18 09:57:11
d06a2ef6-b8cf-4889-a8b4-51302292510f,1,,grow hade not returned my money that I withdraw from it,2026-04-18 09:53:07
306cb65f-13d2-44ae-82d6-8d7cd7a54e27,5,,very good grow,2026-04-18 09:51:54
dc00417c-5228-4d38-864c-0452fdb60948,5,,good,2026-04-18 09:46:10
ada93b64-dff4-4cf9-ad5f-3d09545847cd,5,,good,2026-04-18 09:27:20
71b4d438-cbd5-446a-a6ae-2606d94463be,5,,good grow,2026-04-18 09:26:41
6819f7fb-ad7d-496b-984c-1253431bc63b,5,,very good,2026-04-18 09:26:08
8751d676-9913-4a1e-808f-1215c7cca3d7,5,,Avarage,2026-04-18 09:25:31
9ee834dd-7105-4766-82c8-08631e241e7b,5,,good experience,2026-04-18 09:25:10
21ca8771-c7c2-40f5-9a82-aeb0e4447d82,1,,fraud apps money West,2026-04-18 09:22:36
e75b3399-1a79-4046-ab0c-6aa0aed96de3,5,,nice one,2026-04-18 09:16:53
61969fe1-1063-4193-88db-1c1f3bfa5ade,5,,good,2026-04-18 09:13:21
8b25c3dc-2aff-4d5e-8f50-18aab668d1a0,5,,Good,2026-04-18 09:06:23
47c5ec9e-d55a-4df2-8f91-9f9438d32d2a,2,,not bad,2026-04-18 08:54:03
50428921-bb34-4ee3-afca-70dc4add5737,5,,mast,2026-04-18 08:51:44
fa90cddb-d2ac-4192-ae56-7387cbfa0011,3,,Intraday charges can be ₹10 per order and Delivery charges can be zero. Many platforms offer the same charges.,2026-04-18 08:46:48
9dc32bfd-f251-47e6-b0c7-9172bc7c336b,5,,very easy operation,2026-04-18 08:45:53
bcf8929e-edbc-476f-a442-3f578eba950d,1,,A very bad experience chart error happened very often if you are doing chart analysis in nifty50 before 8-dec-25 you can't see charts before 4 Hour time very bad and some time if you shuffle in TF to analysis sometime in one timeframe that specific day's total candle will venice so very very very bad experience 0 Star and I will uninstall this app on Monday and shift to Dhan sold all my shares on this platform just because this error thing,2026-04-18 08:35:59
eedf1305-f9e8-4fb6-a6dd-e961e5dd3730,5,,good 👍,2026-04-18 08:34:09
5cb65f35-7a7b-4ac4-b7f5-1bad910631d0,5,,Excellent,2026-04-18 08:25:19
ecc11042-2a9a-4c17-a4bd-d7e82db330af,5,,"Some days, we like to come here just to remind you to straighten your back, stay hydrated, read the disclaimers, and update your Groww app. These regular updates help keep the bugs away and thus enhance your investing journey.",2026-04-18 08:06:40
84b57140-972a-49a3-933f-1a6934419fbe,1,,ग्राहक सेवा बहुत खराब है। कॉल उपलब्ध नहीं है। एक घंटे से कॉल कर रहा हूं कोई कॉल नहीं उठाता. टिकट रेश कर दिया तो कोई उसका जवाब नहीं मिलता,2026-04-18 08:00:44
39890057-1d3b-4c07-825b-5c89b4d64f00,5,,nice 👍,2026-04-18 07:52:52
1bce08d9-c145-452f-bd19-888659f2dcda,5,,supper,2026-04-18 07:39:38
ac6cc284-c515-44b4-8138-3a62966b30d4,1,,good 👍,2026-04-18 07:32:56
0e4b87d9-1a37-41d3-8d51-adb655ac73cb,5,,👍 supar good,2026-04-18 07:20:11
9d79ab4f-c2db-4d2a-bedc-2cee50e8bd72,5,,verry good,2026-04-18 07:20:05
367bc0c3-6c64-436a-987b-d807b5b12c07,5,,good,2026-04-18 07:13:14
dd718ea0-52aa-4357-9c8b-518a237c8d22,5,,nice,2026-04-18 07:13:00
57519b36-8950-4e7b-a2ba-2f76a8af91ee,1,,i don't know what happened but the app is showing ``your journey is in reset process '' . This is my first time of using a trade app and showing this from the start.... I haven't even started my journey.... Not to raise complain but to reach your concern..... kindly rectify the issue,2026-04-18 07:08:14
2242f175-ac4d-41ec-aa26-b749b2a7cd0e,5,,very good,2026-04-18 07:02:45
dc1f5678-ccbb-442e-b595-d6ccf8470263,4,,good,2026-04-18 06:54:06
2c8a8ce4-2b76-4d3c-8d62-52317fd64b45,5,,it's very Good,2026-04-18 06:34:21
d0b184fe-b15c-4111-b41e-17c4f3795dd4,1,,very poor customer service,2026-04-18 06:28:49
50e08ba5-7410-4e44-8d09-d1bddb9ea815,5,,good,2026-04-18 06:07:31
2d8ad189-8f31-4eea-95f1-fa6e28626a42,1,,nice 👍,2026-04-18 05:27:54
0b75d496-f821-452f-a914-a1f5b612e0c5,5,,awesome app for growing❤️,2026-04-18 04:51:56
3a385aee-534d-45b2-b652-7ecfcdacfa09,4,,good,2026-04-18 04:48:07
59f68f75-a7af-4abf-9630-767d86bbec5e,5,,very very very nice and useful application. every thing we can done in a single one platform,2026-04-18 04:38:13
03ae15d9-82f5-481f-873c-dd1740f3ea3d,5,,Best app,2026-04-18 04:24:27
0e9d919c-2493-461e-aed6-e7fb7cd5267f,5,,Very Good app to learn and Invest. Gives Many stats and has a very simple and easy to understand and use interface. Transactions are fast and smooth,2026-04-18 02:18:12
3c147391-4bda-4a61-a959-2f017ddadd59,5,,very easy,2026-04-18 02:18:10
5811952a-bb99-4e97-a671-e191ff5a37fb,4,,nice groww,2026-04-18 01:23:59
61e09720-1411-402b-8dbd-2abb5fe043d5,5,,👌❣️,2026-04-18 00:43:35
2c7e2c60-1853-49ee-93ef-f1584362e6f0,5,,good work,2026-04-18 00:24:35
aa2a7109-f25d-45bb-ba7e-d01f90877cbe,5,,good,2026-04-18 00:12:32
c50fcb67-c94b-4e3e-9a29-09e2d2614edc,4,,"So far the experience has been good. However, you guys don't update data regularly. eg. Recently I received a mail from ICICI fundhouse that the expense ratio of ICICI Large cap has increased from 0.69% to 0.72% but in your app the rate is 0.87%. This is a huge problem as we normally check these parameters before making any investments. There are many other lapses like this. You should focus on fixing these issues.",2026-04-18 00:06:32
21ea1397-b752-427c-855a-0a187ba09876,5,,nice 👍,2026-04-17 23:53:12
e3e420a5-10f5-42a0-9237-0ffce037c109,5,,it's amazing Application for beginners,2026-04-17 23:34:02
4bd4d54c-5740-4760-a3ca-21f75c93569e,5,,सबसे अच्छा,2026-04-17 23:20:00
b5f8f61b-226d-4e70-b453-0f61829b27d2,5,,Nice 👍🙂,2026-04-17 23:12:19
afe63998-ffed-41b9-9c8b-29bbf57a1143,5,,easy method for market analysis and trading,2026-04-17 22:57:50
524c0d5f-534f-4963-b1d1-fa2ad087aa4d,1,,not login aap,2026-04-17 22:53:22
7be44928-6333-46a1-9d59-90c361ebd2bb,5,,very useful in this app,2026-04-17 22:52:05
76b472d4-85c0-4547-8a3b-784fc642adea,5,,good,2026-04-17 22:33:00
cb705dae-d275-4afd-a609-ca5f4f1c7b17,5,,good very good,2026-04-17 22:32:15
8101c143-bece-424c-aeb1-07f411cdd5fc,1,,"The NAV assigned and the actual NAV is not matching and the support system is pathetic. no response from calls, chats too.",2026-04-17 22:14:32
c3149e11-fcbc-4dcf-a52c-9275d18c9f3a,5,,🫡😎,2026-04-17 22:12:40
3539bf92-e441-4b98-8e52-db554306a20d,5,,very good,2026-04-17 22:04:00
491bcc9b-834e-4080-ae5b-c771b912128c,5,,very good 👍👍👍,2026-04-17 21:58:33
616380c6-24e9-4dae-849c-108f1344c26a,5,,easy to use,2026-04-17 21:42:24
067544d5-e06e-4b7c-a0c8-fc6dd83650ba,5,,good,2026-04-17 21:35:27
2278c3ac-3cd9-4fee-b577-cf9822d71cda,5,,👍,2026-04-17 21:04:35
ae26c91c-4965-4cb6-b3b5-bc3153927442,1,,लूटो,2026-04-17 20:54:11
5169c92e-2055-4910-8c9a-3dd922e5a13b,5,,Verry nice and easy to use,2026-04-17 20:46:58
2b94d3c9-125b-4f2b-a3cd-b0626a9a4ef9,5,,easy to understand app. best app,2026-04-17 20:18:36
e90535e3-6f97-4ecf-b16b-4b59123d9a7e,5,,"I've been using this application for the past three years, and it's very easy to learn and use. My overall experience has been excellent. Thanks to the Groww team. 🙂",2026-04-17 19:52:57
910b873e-bb94-4f14-a542-84e73ceb0f5f,5,,very good,2026-04-17 19:50:16
568fd5e9-f150-468b-b546-a2e078a7df2d,5,,all update timley and easy to payment meathed,2026-04-17 19:42:39
e49cc6cb-4602-40a9-ac88-152bca002bc9,4,,option trading main stop loss and target ka option de de to achcha hoga,2026-04-17 19:37:06
d73c3355-433d-43fe-a730-fb02fdffeb77,3,,"Everything is fine, but MTF brokerage charges are very high.",2026-04-17 19:20:30
6c3e61b5-553b-4da1-a398-f9917dffedc5,5,,It's too easy and trusted,2026-04-17 19:15:00
e98ed748-b5b3-4390-ac6c-c13571ec316f,3,,brokerage charges are so high,2026-04-17 19:10:21
e8b7f1e4-1a67-4594-823f-36ad3da6557d,5,,use interface acha he par brokrage jyada hai,2026-04-17 19:09:36
a8650221-734a-4505-9191-b46cfc4ab938,5,,excellent performance,2026-04-17 19:00:54
94edc566-0b53-42c0-8fd7-9431dc046b8a,5,,good 👍,2026-04-17 18:59:24
37da28af-be6c-41e9-ad67-9e131d67ec9c,5,,nise app,2026-04-17 18:23:30
aea0b174-26ec-4668-83bf-1b52e97d4d5c,5,,all is well,2026-04-17 17:52:07
cb0cf6ae-07c3-4775-9c64-8b91f2f5d726,5,,good 👍,2026-04-17 17:49:21
4ebca51b-54ed-4012-ae33-fa7d60965b88,5,,good,2026-04-17 17:43:49
5ad62c5c-b312-4f6c-9dc7-3772ab684e5a,5,,Good 👍,2026-04-17 17:37:30
c57da402-cb2a-49a3-89d2-3fee60631840,4,,Good,2026-04-17 17:30:33
f305d0a0-32c3-4722-b1ca-4b3f4d9856fc,4,,😊,2026-04-17 17:27:43
02f19453-9acf-4016-858d-54dec6be335f,5,,great experience 😃... Groww mobile app pr SWP ka option kab tak aayega ??,2026-04-17 17:22:52
032a8e12-1bde-4754-9cf4-d6b810a9b0fd,3,,nice,2026-04-17 17:19:56
d5b78d60-9930-4b71-b426-4d1d50829a6b,4,,very good 👍,2026-04-17 17:10:39
ba8bf265-39fe-4622-a59a-03afa76157d5,5,,👍,2026-04-17 17:06:56
8a08f5b8-620f-4cd7-be1c-569c781861c8,5,,good,2026-04-17 16:47:59
85c5734e-d02c-4fd5-8d3c-10ca0d7cd352,4,,on Star less because it's take some hidden charges for using application,2026-04-17 16:33:32
4124a784-a104-477b-8fbf-bf9ed006ef3a,1,,useless over hyped 😪,2026-04-17 16:29:04
cfd8737b-aa66-46a1-9ac8-dc59c3cfe9f2,5,,best app for investment,2026-04-17 16:21:39
5cbd8142-f5d9-40e9-b70b-948684184a16,5,,Best App,2026-04-17 16:17:47
50ec4ed8-f80f-4a20-b012-1bec62f23e9f,5,,Best Platform,2026-04-17 16:16:45
64d3bb2c-950a-430c-b5cb-da6ae1e864a5,5,,it's good,2026-04-17 16:09:06
e33f7297-8754-4f68-9372-e4b2b4e963aa,5,,nice 👍,2026-04-17 16:05:07
bf8d2d4b-20fe-41be-bcf0-049abee285f5,4,,good,2026-04-17 15:46:16
972678b5-fa67-4313-b2c6-9e6feb9866fc,1,,not bad,2026-04-17 15:41:58
81484c49-6c39-456a-a26b-7f835210af43,4,,very carefully good working,2026-04-17 15:31:49
1cab8e80-6ae6-4d40-a323-f43d97148e35,5,,👌,2026-04-17 15:25:32
14c837aa-94b5-4247-86a3-206b1cff2f51,4,,good,2026-04-17 15:22:07
0ba3e069-1bd0-40bb-9e1b-6dc91055aff6,4,,Giod,2026-04-17 15:13:23
dd3e1844-dc36-4a90-8a0f-7dfe8ebbfeff,5,,fantastic ❤️,2026-04-17 15:06:11
66cfa349-b327-4d8e-a688-7a0b2f3d4d39,3,,one of the best user interface in all brokers,2026-04-17 14:59:52
3a6d6188-9ff3-4899-bd06-f037d678e3ac,5,,good platform,2026-04-17 14:56:30
065c1dda-43ed-46e7-b440-bbe104e3be48,5,,👍,2026-04-17 14:54:21
35a2e72c-4eb8-4317-aad3-874809a406ea,1,,Earlier it worked very fine but now it seems as it has been well designed so that there's only loss of money inspite of the market being high or low. Not reliable or transparent.,2026-04-17 14:48:20
6200d7bf-34e1-48d4-81ea-979dcb8d43ad,5,,Exsilant 🥰🥰,2026-04-17 14:47:59
616c69d7-458b-45d0-92c5-e405a41a39a1,5,,very nice 👍,2026-04-17 14:45:33
4efbf09b-81cb-4ef1-94f1-a377475c2b0c,1,,worst Service app,2026-04-17 14:44:28
15ba50be-3dd6-45d8-9b72-f96159d06b66,5,,Exllent,2026-04-17 14:35:41
bec8283b-80a1-4b6d-877f-024305dd7acd,1,,brokarage amount High and Chart and indicator not updated like Dhan,2026-04-17 14:34:27
27b957d8-5152-46e4-a29a-1fde900220af,5,,good👍,2026-04-17 14:33:34
5a34dac7-1656-434a-8e91-3fee04f1f9e5,5,,easy,2026-04-17 14:33:24
86ba0860-b82f-4e71-87f4-43056828d896,5,,very nice,2026-04-17 14:29:42
eacce261-3f19-4c3e-8b73-47d2e8bbaa3e,5,,user friendly app,2026-04-17 14:26:27
93d0f932-0ea1-4ef2-a948-8a9d34bd23bf,1,,Hi Everyone Please Don't use the Groww Platform Instead of using Groww prefer someother good broker as in the market we have many options.The thing is I placed a Stoploss order while inwas in trade my SL on 24250 call was 174 rs in the same candle at 1:24 Pm sell order executed but my Stoploss price was 174 triggered candle which never came at the time to 174.50 also... Don't use a Groww many times face a technical issues highly not recommended this broker,2026-04-17 14:22:37
f12d427e-e277-4b33-8a83-118e3b12f95e,5,,very good,2026-04-17 14:15:58
9633e834-a0e0-4e3a-9f56-d636454c9bb7,5,,good,2026-04-17 14:14:08
1c70c176-ccd4-434b-9e29-711dce2db8dc,3,,Trailing Stop Loss is not Available,2026-04-17 14:12:53
1137ead1-d8a4-4d25-bc94-8c7992b18857,5,,good app and trusted,2026-04-17 14:01:51
da8f6d28-f988-427e-80d2-47e2c882e0af,5,,outstanding,2026-04-17 13:59:44
f5b71de3-23bf-49c5-9912-c4703e27e0fd,1,,mader hot app sa bahut charge lagta ha sa la instell karo sab log 1200 sa shida 800 siref charges sa mare profit vi tha scam ho raha ha hera sat,2026-04-17 13:59:28
e85ba6d2-7f7f-4e0a-9ead-a7f4cce93143,5,,good,2026-04-17 13:56:09
7ea32f0b-036c-41a6-a45e-8ead31a497e6,5,,Outstanding👌👌👌,2026-04-17 13:53:54
05f30c58-d232-4839-9e14-080d2e8ed0d5,5,,best trading app,2026-04-17 13:51:19
b050f541-3665-46f5-831a-74eafd5bb050,5,,good,2026-04-17 13:42:35
688f5ea2-68ec-4d24-ac85-4cd2f2e23a9b,4,,good,2026-04-17 13:34:27
4b414d42-cde1-48a7-90b5-805ed18dba4d,5,,very good service,2026-04-17 13:33:53
46256678-cb88-4afa-b20b-a31c39cc9e90,5,,good aps fast update,2026-04-17 13:26:44
9c659b62-aaaf-48e5-9f57-2fda3dac3945,5,,good,2026-04-17 13:19:03
497c6afb-33fe-4ca6-b499-2857997c2c0e,5,,good one,2026-04-17 13:16:11
5719160d-212f-40aa-ba94-0848e2909bf3,5,,good report,2026-04-17 13:15:14
5502cacb-d7de-40b1-b1b2-7ef9712d674e,5,,good,2026-04-17 13:10:45
c9bc8c65-e462-4610-b690-cd50b6d522b3,5,,very easy very helpful ☺️,2026-04-17 13:08:56
b7c51a55-6b66-4d93-b117-43f8b4a5753c,5,,good,2026-04-17 13:00:50
0b93f267-4fc7-44dd-8b21-4f46e14da916,5,,excellent,2026-04-17 13:00:48
706e64a9-02be-4291-8022-ef16ef7e678e,1,,"very bad app , which not trust worthy at all, in f&o it's all gambling and not genuine at all, you can see it very clearly in commodity tradess, one star is because of its speed, not for its trust full services, don't go for f&o in groww, go for other brokers",2026-04-17 12:54:35
409db669-5f27-4fb1-a09b-99dc08911b22,5,,good,2026-04-17 12:51:55
9d50ee64-f3b2-4988-8387-73d1cf8488ad,5,,excellent,2026-04-17 12:48:51
1202dfcb-ea11-40fe-b93d-d570a2e26f57,5,,mast app h,2026-04-17 12:39:02
9da56531-e503-45dc-b4cb-19acfa863f77,5,,help karna,2026-04-17 12:30:39
bb6a441f-01ee-44e5-b8d7-2495c146765b,5,,Nice service,2026-04-17 12:25:30
acf597e3-f44a-448b-8484-fc7e89dd5613,5,,it is very easy to understand for beginners and the charges are low compared to other brokers,2026-04-17 12:24:21
377d54da-1223-4154-8cac-c9ea3ae93ac2,5,,good app for investment,2026-04-17 12:22:29
0ddf0669-d3b4-4df0-8fcb-554a6e058141,5,,good,2026-04-17 12:22:12
1d93eeca-ad92-4051-8d85-ee78ea564054,5,,very good app,2026-04-17 12:13:39
d1f63119-0b70-447f-bfc5-c2facebbd9fb,5,,good,2026-04-17 12:12:39
c966292c-fea0-4cfa-b26a-8bcc62d0d72a,5,,"Veni, Vidi, Vici",2026-04-17 12:10:04
1047826d-f059-492c-9ef6-40e344ce83e8,5,,nice,2026-04-17 12:04:30
1faad6f5-a990-4605-a97b-4540e3d167e7,5,,"Groww is a simple, user-friendly app that’s great for beginners starting their investment journey.",2026-04-17 12:04:10
aff29526-ad2c-4c27-9124-ce555a07337d,5,,👍,2026-04-17 12:03:15
7a312c70-e97b-40d7-b6ed-708429c98c45,5,,best,2026-04-17 11:56:32
00140cb2-46a0-4837-89a0-138a8d356be1,5,,good,2026-04-17 11:55:57
4c415681-5f30-4e63-9f97-966f3d639fbb,5,,good aap,2026-04-17 11:45:52
304bccfd-31b4-4728-b5fc-a4df2a30a520,5,,ak din ka 40k 50k Kam rh hu,2026-04-17 11:31:54
c46d31af-cef0-48c5-ad8b-08011187c4f2,4,,good,2026-04-17 11:31:38
bdfed0b8-934f-49af-a4c5-2a6b1f4edb5a,5,,very good,2026-04-17 11:24:54
58a306c2-0000-4af2-817b-4c402d64bed9,4,,good,2026-04-17 11:22:18
38d7a67d-6fc7-4099-b9a0-ff1fecd38f0a,2,,not live showing why ? i have to open it repeatedly.,2026-04-17 11:07:37
f5f3c8b9-a244-4172-aba7-b6f27d1efda6,5,,Best .. But Can Change हिंदी Language.,2026-04-17 11:05:57
8fbd4e02-5ca5-4f7c-8419-4ae27c1e6901,5,,plz plz don't change ui.keep the same,2026-04-17 11:05:47
10219657-3607-4fbf-8ebc-e7224ab79c7e,5,,good,2026-04-17 10:51:19
224d1703-1895-415d-a65c-efdb026ad418,5,,good,2026-04-17 10:47:30
654dabfc-6474-4b3e-9ae3-c73669267a07,5,,good organised App without any issues,2026-04-17 10:45:44
d8c9b85a-4b12-415d-9b52-3ab4fab1cdb3,5,,easy to use . best experience 😉.,2026-04-17 10:44:04
4a7ce371-957b-4e9c-8c36-812cd0e716f1,4,,good 👍🏻,2026-04-17 10:40:52
08064932-1c86-404f-a845-175c12a0d679,5,,👌,2026-04-17 10:37:56
f9b58e5a-07a0-4523-8424-c1b9a7970371,5,,very good platform,2026-04-17 10:35:44
ccbd2784-4182-4880-893f-003503dccd91,5,,best app I used till now,2026-04-17 10:34:37
f9b75bcc-22ee-422c-8b38-38602d017f80,5,,groww uh make me grow TQ❣️,2026-04-17 10:34:04
27d65145-9443-46ec-bfb7-cdc771cc664b,5,,thank,2026-04-17 10:33:44
6c8ace61-53d8-4ee3-a76d-e7379c7adeaf,5,,good 👍,2026-04-17 10:32:54
9cd7df05-e891-4846-b9d2-d16f263e2c36,5,,this app is better now,2026-04-17 10:29:37
fe8ab844-b327-4c3c-b3ee-d4812b5ab2b8,5,,Nice changes low,2026-04-17 10:22:41
97ec7f46-38ad-4f74-b2a4-339bd6c9d25a,1,,good game,2026-04-17 10:22:34
ddda794f-8fad-4cf4-8251-7398a08e889c,5,,best aap,2026-04-17 10:14:09
1ee80a2b-4c24-496d-85c9-32838148355f,5,,sahi h,2026-04-17 10:13:42
fd3baf5d-7cb8-4611-bd01-dc72cd4e1be7,5,,very easy to use......,2026-04-17 10:11:43
eb523ac8-7c2f-4591-9674-5a7bcf2b039a,5,,nice app and very helpful 👍🏻 to see tecnical analysis and. buy or sell,2026-04-17 10:09:09
1193697b-bffa-427d-b7e5-45b2b08cf263,5,,Excellent,2026-04-17 10:09:02
55df8286-43f2-49ff-8b33-e7c23bdd4a2e,5,,good for everyone,2026-04-17 10:02:47
ff7e3d2d-771a-4450-b554-0774b2a1b267,5,,good 😊,2026-04-17 10:02:37
e4dec223-1c9d-4c83-8d4c-a0b79faa1de4,5,,it's very good App.,2026-04-17 10:01:13
88b2f0db-4e91-40ba-89fe-df84006871e7,5,,"one of the best, all the features are excellent.. only feedback is in the Option basket the strike from different weeks is not featured, it's allowing only same week. no other points .. the best.. Edit 17/04/26 after so many years of trading now I am growing 💗 very happy. Thank you team..",2026-04-17 10:00:19
a9f9fc56-22b8-4faa-91e4-df5b01b408de,5,,good,2026-04-17 09:59:36
24c70eff-5fb4-46ed-9a2c-d8d15947f9ec,5,,best app,2026-04-17 09:58:53
3ee0730f-bd7d-4232-990b-f956bb5fc455,5,,better than others,2026-04-17 09:58:36
da7af2f0-4343-4dc0-a6b5-c0446b3835cc,5,,so friendly,2026-04-17 09:58:16
f2a4bd02-42a1-4168-aa22-72b3ee3df9c4,1,,"Almost everyone think groww charges less brokerage,but guess what, it charges the highest brokerage - 0.2% of the whole transaction for MTF with no capping, so if suppose you have 1 lac ₹ and you get ×4 times MTF = 4 lac₹ equity trade , now if you exit in no profit no loss situation you exit for a price of 4 lac ₹ ,so they charge you for 8 lac₹ ( 4 exit 4 entry) =0.002×800000= 1600 Rs for a single trade and you were also paying interest of 14.95% pa of the complete amount. Crux- YOU LOOSE 2-3%",2026-04-17 09:54:21
928d6897-5f6e-48ad-bc47-1fa1d7042ca5,5,,good,2026-04-17 09:51:18
9026793e-4330-4358-936c-3b550f38f7de,5,,good,2026-04-17 09:50:41
d22c7e08-9095-42b0-b0d8-179c950e6e65,5,,good service 👍,2026-04-17 09:49:11
5b203237-d286-465f-b3e2-fa655a87b744,5,,great 👍,2026-04-17 09:45:03
1719138c-bab0-40ae-926d-280bec32d78c,4,,good,2026-04-17 09:42:43
db261cf1-e757-44da-8dbf-f99ba807a2a5,1,,i did not like the interface and system after the latest update.. previous system was better to handle this app...,2026-04-17 09:40:17
5057a81e-f513-4f97-b1a0-338a8a044dd6,3,,every time I required to update,2026-04-17 09:40:00
d9784b53-bb7f-4633-ac0b-f8b3f3806634,5,,Good,2026-04-17 09:38:46
d95b3573-bb61-4bf0-ab8c-7d8b19eda5ea,5,,best for beginners,2026-04-17 09:31:11
abfb6828-edbf-45a0-9706-1d1ab954f8ed,5,,"UI is great , simple handling and fast .",2026-04-17 09:30:32
b8e25884-ded5-4219-b659-45b5d9f6123d,1,,they stole Rs 4 to 5 Or for a large transaction nearly Rs100 every time some one complaint about grow in cyber crime,2026-04-17 09:30:07
866155cb-4cae-4228-adc9-84e1220ea13c,5,,excellent 👍,2026-04-17 09:28:58
64edf278-d9a8-45c3-ad94-58f6352d4504,5,,groww side no any technical support,2026-04-17 09:23:41
7baf2d03-1e63-446e-b0b5-262e0035e5ed,5,,👌👌👌👌,2026-04-17 09:22:39
53dc0d46-ae1a-41c2-ad94-096fa22fd2ac,1,,no need to add fractions in sl and tgt in position tool😡😡😡... from I'll be no longer groww user😏😏😏,2026-04-17 09:22:14
f2296979-d40f-45b3-bfd9-ba50c3b72127,3,,nice,2026-04-17 09:20:35
78c6250b-14d5-4b15-8c9b-c2c80670ad9d,5,,add money easly,2026-04-17 09:19:46
59f5f0cc-a9b7-4619-a632-910e4fd8973f,5,,good,2026-04-17 09:18:32
3320aeec-0a1a-44e8-9d4d-7c218397f3b4,5,,good 👍,2026-04-17 09:17:21
a313500b-c62c-402b-a8e3-70cab265c23c,5,,very nice,2026-04-17 09:15:02
4545d616-1194-4e8a-9be6-281223aff23a,5,,⭐⭐⭐⭐⭐,2026-04-17 09:14:40
0f31abe6-4a31-4b93-a07d-783fdfe1ee83,5,,good investment,2026-04-17 09:13:46
a3f8af53-1cbd-4fdc-842d-2b4ca66f60ab,5,,good,2026-04-17 09:12:53
190f76ed-4541-43ec-b2f6-fac7083ab2fd,5,,my favourite app,2026-04-17 09:10:05
9322779d-43b3-473e-9732-07ca337e1492,5,,excellent,2026-04-17 09:08:12
21d5a23e-ccb3-4447-95dd-95c6dc85c69c,5,,good 👍,2026-04-17 09:04:50
e4a3e3b6-f804-4cf7-b90c-6e1c32c39e55,5,,smooth running,2026-04-17 08:55:54
4897f8e4-1401-41b8-8a63-4ee772d361f2,5,,good app's,2026-04-17 08:55:50
1ce3245e-e0c1-4140-8112-01313001a391,5,,good Tranding,2026-04-17 08:53:36
3cc45305-3780-436a-a2b0-7ad6c1a68fb9,5,,super,2026-04-17 08:49:53
ad2cec71-7b7e-4e2f-a9b5-6fa00058b9ba,5,,👍,2026-04-17 08:48:23
4b0c0f16-c875-45ca-80ab-60d8536af773,3,,good,2026-04-17 08:42:39
f39a0f56-2f3c-4f96-90fc-21c6946ca8ab,5,,v nice,2026-04-17 08:28:29
1342b9cb-b791-4308-ada6-41a58cdce89c,5,,well,2026-04-17 08:20:29
192e4f88-3dd8-4004-ae26-b409e23209be,5,,great and Friendly Application.,2026-04-17 08:19:39
9fb869b2-9cf0-4465-aa64-f16894e27825,5,,"भरोसेमंद handling me bahot aasan hai,",2026-04-17 08:07:13
fca7c23f-1af0-4d4a-89d3-146802ed36e9,4,,good app easy to use. but need to add more option in filters of stock,2026-04-17 08:00:56
63c674b0-7c45-4e57-945a-5de21a90ee19,5,,good 👍🏻,2026-04-17 07:57:45
6ac57bbd-dfa4-4493-9d31-945a63299671,5,,good App for stock market 🥰,2026-04-17 07:54:05
6dde5d99-7b2e-4125-8d28-33fd54d3f54f,5,,good,2026-04-17 07:50:24
41f204d9-21d1-4d50-b3a7-eb7aaf6fdd68,1,,5000 रुपीस काम हो गयामेरे साथ ग्रो कंपनी फ्रॉडहै कंपनी रिक्शा में,2026-04-17 07:42:37
1c8fa4f2-d57e-411c-a2bc-f7cfdf43831e,4,,best grow 😁😁😁🪴🪴🪴,2026-04-17 07:27:08
b592408d-97af-477d-b4e0-fadaabf23f21,5,,good,2026-04-17 07:25:59
65621c8f-4b3d-4460-b17a-e95987c6605f,5,,good,2026-04-17 07:24:35
a40bdb2b-b96b-4d87-9053-6cb7e61c0e66,5,,good,2026-04-17 07:11:16
0e427997-aa93-4177-a6f7-73cd06fbd717,5,,very nice app usefull app,2026-04-17 07:10:50
acf1837e-c414-40f1-8e1e-1d8a178e38c1,4,,must try,2026-04-17 07:09:46
8a3754d0-9a0a-44fd-b5bc-b04d11058ef4,1,,good,2026-04-17 06:50:56
ec318d06-b699-41fe-98e2-3da621809137,5,,good,2026-04-17 06:20:36
13d89d63-2051-426d-bca9-e87ad6179d3f,5,,Good App,2026-04-17 05:07:31
05c9aa80-6734-4b4e-9ea1-c42c7fe06a2d,5,,excellent,2026-04-17 04:10:52
797c2dd4-4a3e-40ef-81c7-dd02d7a94bd9,5,,best 👍,2026-04-17 01:03:59
5f18d511-e34c-4d02-bdcf-c5eba198c111,5,,good,2026-04-17 00:57:24
37b71dcd-a537-4d86-8040-7ee2027f60be,5,,good,2026-04-17 00:46:31
991a3102-68ce-4b1d-bd36-9a9b92b07d64,5,,lovely,2026-04-17 00:40:40
55c6ca51-b7e7-4c38-9448-df633553754b,5,,nice,2026-04-17 00:39:10
d9ed66d7-1899-4e5c-8c67-fd3ed1842d90,5,,easy to use 😎😎,2026-04-16 23:59:16
bb58dec6-95dd-4592-9648-559987544998,5,,Nice,2026-04-16 23:46:10
9cb1be97-4ace-4a57-aa43-237e760a216b,5,,useful for middle class,2026-04-16 23:36:55
aab37f05-d6f5-4377-9216-3802c69aea33,5,,very good,2026-04-16 23:22:33
35d9d010-960b-44b4-8bca-7ee2c49ec3b6,5,,gud,2026-04-16 23:14:06
5ebab6ce-bf7e-4264-baec-4df8a31268d2,5,,Nice,2026-04-16 23:04:17
6fe572db-f1d3-445d-b7af-b216f7a9bb0c,5,,best investment app,2026-04-16 22:47:09
758d4e33-244e-4ff0-8926-7a6063ad5dbc,5,,very useful for the share market.,2026-04-16 22:38:47
7a52a919-0518-4f4f-ba8e-2d536ca4ff6c,4,,nice,2026-04-16 22:37:03
351cb86a-79e7-4e66-b36d-ce6d26ec95be,1,,"Groww app is not suitable for a trader, this is only for investment purpose. So many glitches, execution problem. You may faces big loss for this and they just assured you by a 'sorry'",2026-04-16 22:28:57
26cef345-19c9-4cae-b242-7c1097d0e01a,4,,👍,2026-04-16 22:17:41
ec7b2c91-d6db-4c09-829f-f2831e2f46ee,5,,nice app for investment,2026-04-16 22:00:59
4f66eac7-92b4-49ac-8926-570c4b43de06,5,,super.,2026-04-16 22:00:19
834e417b-8c67-46bf-aae4-6d208dd23342,5,,toomuch looty brokarage sad plateform,2026-04-16 21:58:55
969fa809-591d-44b0-9688-4f3bb5bd2514,5,,awesome 👍😎😎😎👍👍👍👍,2026-04-16 21:46:57
39291608-21aa-42f4-a3fa-8929cbf2f2bb,5,,Good,2026-04-16 21:26:28
2d6f3fe0-485f-4cc3-905d-6b29c3138f1d,5,,yes good,2026-04-16 21:26:14
1f7bec00-7db4-45c7-9c71-99a4bebd0f56,1,,bakchod app😊😊😊,2026-04-16 21:22:49
a31bcfcd-d4fd-4b07-9767-e4f1a52d8829,5,,it make 100crore,2026-04-16 21:15:53
a919b907-f7d4-4a33-963a-797fb09f0b97,5,,⭐⭐⭐⭐⭐,2026-04-16 20:57:02
8c10213b-4000-4faa-9b01-e34f75e5a969,5,,very good,2026-04-16 20:40:24
28c186f6-4ad6-472a-acc7-0bd34a88c761,4,,Please provide trade diary features,2026-04-16 20:32:28
01908ac8-2401-4d23-92d4-eb55954fbef3,3,,nice 👍,2026-04-16 20:24:50
c8358893-4437-40b7-9d2e-08073435e6ac,5,,excellent app,2026-04-16 20:21:54
f08d6090-24be-498e-a2b7-2f1a9f6c53b5,5,,nice app,2026-04-16 20:20:51
ba879e7f-effa-4cf2-8344-9d3e1f680d2f,5,,Good 👍,2026-04-16 20:07:32
a83be4c6-27a5-4dea-9fbd-42c91d83422d,5,,good,2026-04-16 20:03:57
cef25e23-8491-4bc0-ada1-0308101d79f4,2,,ok,2026-04-16 20:02:17
14bf950f-a19a-460d-a4b9-13c5336e15ed,5,,nice,2026-04-16 20:01:14
df6f9262-e12a-47ef-8e06-c48453947f66,5,,good app,2026-04-16 19:52:35
b1a1769f-817d-4679-bff0-430bb4e4d388,5,,If possible to guide unknown customer for about ongoing profitable and loss mutual funds. How to invest in profitable mutual funds and gain knowledge about stocks and mutual fund?,2026-04-16 19:31:48
9347a5ed-af0c-4307-bdb1-58d339935391,5,,good 👍,2026-04-16 19:26:56
1656ce6c-261e-4f9f-beaa-6825d32bee75,1,,👎 👎👎👎👎,2026-04-16 19:25:33
9939ff48-e422-4892-a403-884555eb91f4,5,,nice app,2026-04-16 19:21:43
d2bbbe0d-66f1-4489-81f6-351b1c2458f4,5,,nice groww,2026-04-16 19:18:56
b710fad9-c26a-40d4-bdfd-fe9562e9e9bf,5,,"My gmail id and mobile number are linked to my Groww demat account. I don't have them yet, so I want to update them. Please help.",2026-04-16 19:14:10
9f3f957e-f2a3-4617-9c84-b08dc3c1f3c1,5,,my order successful now,2026-04-16 19:12:29
4a12e446-fc40-4482-a18e-39a70cbaf6f3,5,,TRUSTWORTHY,2026-04-16 19:02:17
62963d8c-78a3-455c-a83f-1f0fd6417429,5,,nice 👍,2026-04-16 18:52:41
1590c415-43e4-4ff4-8910-f9d131241f86,1,,not satisfied with this update,2026-04-16 18:34:21
462f3975-a442-4beb-8906-f357a36db4ba,5,,"Clean, beautiful user experience",2026-04-16 18:27:07
19c9749f-0b19-40ec-9113-8ca5684bd92d,1,,"It's a very difficult app for an option trader while the limit orders execute in the market & GTT orders will execute far from the limit we set. SL is also the same, if we keep 10 points as SL it goes nearly 13 to 14 points & hits the SL. while coming to targets if we keep 20 points it will hit nearly 16 to 18 points. And the app does not provide any bracket orders, we can't set our targets & SL before the order activates, we only set the SL & Targets once the order activates.",2026-04-16 18:10:45
508022ee-4ae3-4a93-85b8-fe38b564702d,4,,good,2026-04-16 18:08:24
d95e2aa2-b888-4575-95ff-5e5383c828de,5,,excellent,2026-04-16 18:05:45
b0485e8b-b7b7-496f-977f-ead71127a214,5,,good 👍,2026-04-16 17:46:31
29bd6fda-69d2-4793-a1ba-410a7eabbf83,5,,nice,2026-04-16 17:32:08
7abd6361-bc01-4da3-a611-dd23f9182d2d,5,,good,2026-04-16 17:29:10
3a8040e5-025b-4280-80c5-5eab3048c0b9,5,,much better than other aap.,2026-04-16 17:28:02
d9793d30-98f4-497c-8abc-941cf325b024,5,,best,2026-04-16 17:20:05
b03e9be2-b4b4-4901-bde0-1eb0b0726805,5,,very super,2026-04-16 17:17:21
d8b9a223-a522-4a39-9b47-5f83b6e204f6,5,,Groww is super broker app,2026-04-16 16:49:46
0e231c82-9200-4052-a970-50567ad399a8,3,,good,2026-04-16 16:29:44
ca682d15-c695-4a92-b6ba-5ca037c4e15b,5,,Good experience,2026-04-16 16:17:41
6f7cd76c-21ae-46b1-ba63-1bf5cde7ad4d,5,,good,2026-04-16 16:16:27
b1718d69-8580-4298-b659-0c715396311e,1,,very very disturbing ad procedure,2026-04-16 16:09:52
c371ae6e-c40b-496b-be9a-1ce446128a95,5,,good aap,2026-04-16 16:00:57
e1e027d4-afcc-470c-b892-a3fd3b5fae53,5,,good app easy to goooooo,2026-04-16 15:49:26
dc78a1a4-ae90-47cf-9a18-4c3635eac794,5,,good sarvice,2026-04-16 15:48:11
9d7a67e4-9e8f-4ca7-8377-4e8bc1a8b9f6,5,,quick response and timely account transparency,2026-04-16 15:44:54
34255c0e-f358-47bb-9caa-d54dd554720f,5,,excellent,2026-04-16 15:41:05
f07f63f5-31ab-4efb-a180-846e0d021277,5,,"easy to use, minimal charges",2026-04-16 15:32:21
937ac002-0581-497a-9ab4-d5e2d4533913,1,,"very high charges from grow it s worst experince from grow ,also there is no way to check iv ,in the live market ,please don t go with grow you take every time loss .",2026-04-16 15:32:12
50cdfad2-7b07-49d2-aa1e-f99af983a7b3,1,,fraud app h high brokerage aur kab aapke trading cut Jaye pta bhi nhi lagea,2026-04-16 15:28:12
31000728-3b75-454a-9d76-0f5ed1494f60,5,,good,2026-04-16 15:23:32
ef9712a9-b012-49c2-a857-1eb9e0bbee8b,1,,"ab tak ka sabse sabse sabse ghatiya broker app hai Groww, 1 star bhi dene ke layak nahi hai. galti se bhi esme option trading mat Krna nahi to sb road me aa jaoge",2026-04-16 15:12:17
d4236c0a-fe75-4258-b420-03ad91aaad64,5,,Nice,2026-04-16 15:09:00
6675a144-5207-40e1-afdf-00fa45314f70,5,,Appreciated 🙏,2026-04-16 15:07:17
978430e0-5e1c-4611-9183-662541caa2df,5,,❤️‍🔥,2026-04-16 15:07:03
13325c37-e94b-4b0c-b6e1-fc7d4f1dd5e6,1,,stucks when needed most,2026-04-16 15:05:39
a49e19b1-3dd9-4c8d-9468-dd0b87794c21,5,,nice app for investment in stick and mutual funds. easy to use,2026-04-16 15:01:17
dfcf81eb-a730-42bd-a62f-326185c61e99,5,,Best broker for for easy interface and smooth experience,2026-04-16 14:54:47
50a903a0-7232-49c0-a036-403e09f654cd,5,,osm work,2026-04-16 14:54:30
efbd5939-f79a-4b9d-988b-7efae6edb21e,5,,good,2026-04-16 14:52:17
a8311123-6842-4b85-a998-8b6cc8e09433,5,,it's good,2026-04-16 14:45:29
45dbc550-eaa8-4860-aa0c-f880a5b6cb38,5,,best,2026-04-16 14:44:36
dc72b557-2ccd-4b15-a3e4-4681d7b62ed5,5,,good service,2026-04-16 14:44:17
e47721a5-bce2-4612-9e95-e33b46d8d401,1,,I can't place GTT sell order anymore and the app is forcing me to enable DDPI for placing trigger sell orders,2026-04-16 14:39:12
3f845b77-9fa7-41a2-a18d-c2418698d9b5,5,,Excellent,2026-04-16 14:36:33
8195a9f9-754a-4526-b7f9-e3babf3a0673,5,,very bad app I hate this app ek gatiya app hai but 5 star de hi deta hun,2026-04-16 14:28:43
12ab836b-3d99-4be3-a4b2-a4819e11c1d1,4,,"Nice simple interface for beginners. Has explanation for new technical terms too. FEEDBACK: can add live data for 1yr 3yr, 5yr rolling returns, alpha, sharpe & sortino in the details for each fund. kind of helps in getting a better picture",2026-04-16 14:28:01
9ff2df84-9823-44b9-8109-97955980d72c,5,,easy to maintain,2026-04-16 14:26:06
348b9f9a-d71b-4f04-bd66-2ebb2057e6b1,1,,worst app... too many hidden charges,2026-04-16 14:22:16
6d3225aa-82e6-471e-a9fc-05a04fa57510,5,,very Good,2026-04-16 14:17:21
7cbaf4db-ea81-42cc-b4ce-c9ec5b44bb32,5,,excellent app.,2026-04-16 14:17:09
24f3db66-0978-4287-9e60-630c466cebd1,4,,awasome,2026-04-16 14:12:56
a84c46ec-0642-4adb-8d52-b9ed2f5cab42,5,,easy to use this app and beginner friendly too.,2026-04-16 14:06:41
d0129c10-b535-4ef6-bafe-ba7022134f26,5,,very nice,2026-04-16 14:00:36
c8f284fd-67a8-4b7e-ba83-71ae10561943,5,,good,2026-04-16 13:57:46
9ab60ecf-18cd-4d5f-a8de-23e8a831bb26,5,,bahut acha,2026-04-16 13:55:20
3a8543e7-622d-447a-95c5-8c1b935e7acb,1,,"im sorry to say but this is not an okay app for beginners, not at all! please hear me out i had no idea about the other charges , i added 1470 rupees in my account later on facing market downfall to prevent greater loss , i took it out at the lowest loss as possible and which was around 30 rs and later on when i went to withdraw my money back to my account i gor 1190 rupees back :) ... ima get alotta scolding from my mom",2026-04-16 13:54:42
bded9799-c91d-4dc7-a5b1-59ca1ec9718c,5,,good app,2026-04-16 13:52:47
a1f0a374-cf93-47a6-a789-906691f89be4,5,,very good 👍 app,2026-04-16 13:42:12
62f00805-8b2d-4c58-90a5-af49f8392977,5,,good,2026-04-16 13:40:33
1f4913ca-0cc3-4e14-8d1d-407f05f1e229,2,,good,2026-04-16 13:36:01
48edcff9-5876-4c4b-928f-33faf31e6ca9,5,,👍,2026-04-16 13:29:45
f89908c0-6e09-4ac6-b4e8-e48acc49fa93,5,,Ammazing 😁,2026-04-16 13:25:51
41e885fb-fa3b-4e22-adc7-f9578b1775ff,5,,bdhiya h bhut easy h,2026-04-16 13:24:43
a936fdf6-f477-4810-b2fe-44a9ad87c61e,2,,brokerage fee is too much,2026-04-16 13:17:53
0c725bd7-918f-4c83-ab7f-d0127a733f99,5,,these app good for fund and stock,2026-04-16 13:12:05
eafbb8c2-c255-4cf3-b697-80a55dcdaf7f,5,,Best app based platform.,2026-04-16 13:11:03
d7e61ad9-391d-4325-a655-ae674b7e9d50,5,,very class app,2026-04-16 12:51:34
4a357045-3ce8-45bf-ac4d-b38708694df4,1,,financial year 26-27 kb aayegi app pr,2026-04-16 12:47:23
26e13960-c3e5-44f8-b911-3aac09ba000d,5,,it is nice app,2026-04-16 12:45:29
fe01a5fb-e977-4c7b-9979-c466780a4be1,5,,easy nd helpful,2026-04-16 12:42:38
ba33ea3e-c750-41ee-ba94-4c3d438abcf6,1,,new update is worst I don't like this i request I to bring the old version thank you,2026-04-16 12:37:01
3b58fa2c-bd7f-4679-8574-f83fb964d765,5,,it's very nice aap for trading,2026-04-16 12:33:38
7a8207b0-2563-4d02-bfe2-3be55da3170b,5,,super,2026-04-16 12:32:16
695251d0-0c8c-4be7-bb0e-e7db631cdf4e,5,,good,2026-04-16 12:32:03
ccc492a1-3873-4161-949a-13ab2feab4b5,5,,good 👍,2026-04-16 12:28:27
c0f278a0-8cec-4bc5-bbba-951df14d2c3c,1,,is app ko koi bhi download mat Karna is mahine premium barabar chalega nahin chart barabar chalega jo bhi download kar raha hai Sahi ko kijiye sabse best app,2026-04-16 12:20:05
e0f8eabb-5e81-4c8d-a620-f044b71e4fa2,5,,good,2026-04-16 12:19:45
6a7a3b92-200b-492e-9557-98a57a185cf2,5,,good 👍,2026-04-16 12:19:20
04764331-f8c4-4e4d-896e-4ff9489cefc1,5,,100% real,2026-04-16 12:07:01
55896654-235c-4ee7-966e-0d8a983e1eee,5,,"Superb smooth UI, Very easy to sell and buy. I have switched from coin and hdfc",2026-04-16 12:06:17
f92c4108-2ee1-4536-a964-06cdb22f6582,5,,very good,2026-04-16 12:04:38
787ae6fd-2e5f-4d58-b24a-b7396b00c772,4,,okay to use,2026-04-16 12:04:15
e1563e55-069b-47ec-a066-9ec750a61ec2,1,,Brokarage Very High,2026-04-16 12:01:48
1a87b66b-09da-46c2-a30e-397f4270e158,5,,good 👍,2026-04-16 11:59:27
e358ea6c-2828-4b61-9974-a52ff2c839e3,5,,this app good no iam invest amount but more amount cutting,2026-04-16 11:58:36
a80f9bc1-d0af-4628-84a7-656b18745125,5,,good,2026-04-16 11:50:18
21e2372e-098d-4692-bc39-094b1af84f6c,5,,nice for trade,2026-04-16 11:49:29
1c666efa-8d01-4d4c-b105-30eab790e15b,5,,super,2026-04-16 11:48:06
92d692fd-34fd-46ca-bacf-473f7befef55,5,,Excellent,2026-04-16 11:48:02
46a5a36b-07da-439b-a708-8f138dacdb65,5,,Just Perfect for me,2026-04-16 11:42:51
002c0426-770d-4590-ac83-1f2f6d532c5b,5,,good,2026-04-16 11:41:39
1cce8b59-bf9f-4820-a780-f362bd1f6903,5,,nice,2026-04-16 11:39:38
6878e03a-b72a-4816-9804-92d80c0e2f60,5,,ok,2026-04-16 11:31:33
e10a7379-6bad-41d0-8dbf-3a8a41798bf5,5,,good,2026-04-16 11:26:08
7c0343cf-8367-4737-91bc-80501376233c,5,,good,2026-04-16 11:24:58
c436e94b-9966-4fc1-85d7-7aabb99bc017,5,,it's nice,2026-04-16 11:24:13
e2ed3b74-0076-4a2f-ab51-03c2b9081b75,5,,Good working,2026-04-16 11:21:20
b46dc909-3372-4dda-a251-e6849267ff5c,5,,my life depends on you groww.........all savings invested with you 💗❤️....,2026-04-16 11:19:12
cf2e649d-8c04-4e33-83b0-ed5422191f8a,5,,Good,2026-04-16 11:11:23
b6c87e12-b55a-4486-bca6-9e025bb2dffa,5,,good aap,2026-04-16 11:11:22
c860ca07-e6f3-431c-aed1-f5bd62af26fb,5,,mast apps,2026-04-16 11:09:54
26b09655-bdef-4ce5-ae61-daadedb38388,5,,good,2026-04-16 11:08:10
9798a76d-4e61-48be-b630-9b5f88fafc33,1,,"Warning: Think twice before using Groww for Active Trading! 🛑 ​​""Don't use Groww for active trading or options. It's okay for long-term investment or just monitoring stocks, but for execution, it is very unreliable. The app lags almost 100% of the time during live trades, and the data is often inaccurate. Using it for trading is a sure way to lose your money due to technical errors. Stay safe and choose a better platform for trading.""I have personally suffered a loss of over ₹10+ Lakhs..",2026-04-16 11:06:50
964d9d0e-475e-4513-94cf-22ed5430f558,5,,user friendly,2026-04-16 11:06:14
32bf4baf-90d1-48bf-8e77-95c329d6b336,5,,very good,2026-04-16 10:54:26
20273946-faa8-4ba8-b921-3315ee342781,5,,groww app is good 💯 % crystal,2026-04-16 10:52:22
c949b712-ae53-49cf-8fef-3ab6f41f2760,5,,good,2026-04-16 10:48:53
b330b68e-b45b-4503-88e9-69e43641dc7c,5,,Great platform for trading,2026-04-16 10:48:34
da129a20-2791-4504-8102-48e238cdeb92,5,,ok,2026-04-16 10:45:58
c37a62b6-4a2b-423c-b14d-1800ad568c2f,5,,nice 👍 please additional daily Sip liquid fund,2026-04-16 10:44:56
c5568c55-86eb-44b2-8b21-9977e08166ad,5,,very good,2026-04-16 10:44:00
4f3ebd72-92d8-45c6-8807-0aac21b4fda3,5,,this is the best app for trading,2026-04-16 10:32:27
23db789e-5978-4082-968f-0bbf1ea528ac,5,,Very Well,2026-04-16 10:30:19
a6552e84-30bb-408a-932f-6e60ea42a604,5,,excellent,2026-04-16 10:28:15
f00ac823-b595-4575-8e27-1ee99bd14e62,5,,good,2026-04-16 10:21:25
204dd71f-bed3-41d5-818f-386634618258,5,,excellent,2026-04-16 10:19:42
5d526c95-1fbc-4af6-bfe8-12e2deb649a4,1,,bought a few funds than kyc goes nill? not letting me buy sip,2026-04-16 10:18:29
c3c73098-75d8-4c47-90cc-0420c19ed114,3,,nice,2026-04-16 10:17:48
fe31776e-b6d9-45dd-bacd-cf959c9a1fbb,5,,very well maintained software performance and stability of money determination extremely happy me,2026-04-16 10:13:11
404afc0f-08b8-4d7f-a1fb-eceb4696dec0,5,,very good achcha h,2026-04-16 10:12:19
5a01d677-cd6e-474f-bff3-04ad9e2b6f55,5,,easy to access.,2026-04-16 10:09:52
df4072a4-79b2-4654-a5e9-b60e56949590,5,,Please add etf's tab in products and tools and tell me about two different market caps in stock like in screener market cap different in opening the stock from screener market cap why it is my sort and filter option work from last 2 days.,2026-04-16 10:07:12
b6e5c9b9-0c0c-4da2-8d5c-a8da2e114219,5,,good platform,2026-04-16 10:05:34
a747b004-f13c-47d3-a4ff-199e0788a2fc,5,,best and good app,2026-04-16 10:03:15
1690294a-fb7d-4cf8-af42-77a13054e22a,5,,best,2026-04-16 10:02:22
3be84c5b-6d4d-45ef-9ce8-bbd4f77b6f54,5,,nice,2026-04-16 10:00:39
b2fa5a25-cdd6-4c3f-83f4-2052024929d2,5,,good,2026-04-16 09:58:48
37dd4ee4-2308-4318-aff2-3168d5dd8be6,5,,good,2026-04-16 09:57:20
a845afc4-a4d2-465c-b8f6-4f0e2200cc1e,5,,Onboarding was fast and segment activation was quick. Would be nice to have an option to adjust the font type and size. Trades were executed quickly.,2026-04-16 09:52:15
bc2c13de-0aee-47d3-9433-6a3db69e3c3e,1,,bad,2026-04-16 09:52:07
f4850f1f-d7ee-4de7-be84-fb321dbe0a5c,5,,super,2026-04-16 09:48:57
51011391-a4a7-4c22-97b1-107d46a03f57,5,,this is a great app of investment 😄😄,2026-04-16 09:48:23
29e554d3-e209-4f4f-959d-aa2b4c289151,5,,very good,2026-04-16 09:48:03
8e1b3967-3c98-4d5d-afcd-9837ba449d7e,4,,good 👍,2026-04-16 09:45:30
061e4507-b487-413c-b365-61a7aa9e8648,5,,superb,2026-04-16 09:45:26
41c25125-0769-4b58-b931-0a7873a63913,5,,great n livable,2026-04-16 09:43:56
5ce99c95-6386-4325-a490-58cbb258a99a,5,,very very nice,2026-04-16 09:43:48
8540bea3-fe79-442c-a7f4-9496bc20116a,5,,nice app,2026-04-16 09:39:42
105cd630-edc4-49fe-8595-594668bd05f3,5,,nice,2026-04-16 09:39:38
18b83683-266d-4ae3-9c65-7c26e5ec2e32,5,,very good app for trading,2026-04-16 09:35:32
61510302-d9bb-4a99-9e19-3c590ea4f9d8,5,,good ap,2026-04-16 09:34:37
e3a7f98d-6a10-43f2-8a1e-42120ed79861,5,,Great app,2026-04-16 09:32:49
b012d470-253f-4943-93f8-18f6d267280c,5,,very good app,2026-04-16 09:32:28
779a4028-7456-4904-9332-1f16ea7af63f,5,,Nice,2026-04-16 09:26:29
4ec23af8-6131-4250-8ced-d5aec640494a,5,,Grow is a very good company. Always cooperative. Giving prompt reply to everyone.,2026-04-16 09:26:11
6635008b-1ed8-4d68-bb23-f5922533be11,4,,ok,2026-04-16 09:23:54
0ebf67ef-46bb-4de9-bd8c-0e0898517b07,5,,good,2026-04-16 09:22:42
630c8d99-045a-45a8-a288-0c4cc0619c4c,5,,good 😊,2026-04-16 09:21:07
ba03cdd6-2a76-4e62-b60a-5af7c7cae30f,5,,nice,2026-04-16 09:16:56
73a465a0-8442-4e51-b4cd-55cf603a2a69,5,,👍,2026-04-16 09:10:26
96759e03-0b11-4d3c-be59-a62edfd65ac0,5,,Good informations,2026-04-16 09:08:38
81a7686d-d946-4965-b76c-56cef1b646db,4,,charges is very high,2026-04-16 09:07:32
c8021b3b-0f0d-4be4-969f-ce7277a3203c,5,,ok,2026-04-16 09:07:18
2c7f5eb7-98a9-4f90-94e1-96cf0caf14ab,5,,good,2026-04-16 09:06:38
151a7d04-846e-4037-9438-d8b146d52299,5,,get started 😄,2026-04-16 08:49:30
1d8350dc-39f2-447d-8044-be911ac5352a,4,,gud,2026-04-16 08:47:35
5e381df5-c8df-4525-b685-dbf7fa76b934,5,,excellent 👍,2026-04-16 08:46:06
b60c78e1-5579-4f29-9d71-93793e2ca4bd,5,,ecxellt,2026-04-16 08:43:55
00392d50-77c9-4971-a5af-855589943d8e,5,,Good,2026-04-16 08:24:15
fdb63d42-b864-4071-a59e-25251a6ccaec,5,,best app,2026-04-16 08:21:47
f6d0c911-74cd-4dd2-a77b-894a919d6cb3,5,,very good,2026-04-16 08:12:16
d8a11acd-1765-4762-af17-ff8c1309e21a,5,,very good,2026-04-16 08:10:34
974a0fc3-ed5d-4c81-bf95-f636fe933a56,5,,good,2026-04-16 08:07:19
474089bb-ea5a-4fa6-a426-ae5f16944a11,5,,"persent time is very good, but future diside hardworking",2026-04-16 08:05:52
e247b3e3-23d5-4c66-b43d-89a073bbe76a,5,,good app,2026-04-16 07:59:36
8a8c83f1-73fd-4eed-be4e-a0757909e016,5,,all is well,2026-04-16 07:54:57
30c79cae-9d28-4e85-a44e-d74376901ee0,5,,good 💯,2026-04-16 07:53:56
76bea1b8-8690-40b8-9c90-2ad05897efdc,5,,mind blowing app,2026-04-16 07:47:41
b9ae4590-a6bf-44c3-8f20-281cdfa6351a,5,,bahut acha hai,2026-04-16 07:45:59
ab603ac8-0c0a-412d-9e03-fd8e72fbce20,5,,the best platform Shere market,2026-04-16 07:37:55
3323b784-3f9e-44a2-a0bc-e6a7b9f2c5cc,5,,good,2026-04-16 07:32:49
d4315015-c2d5-4890-9d39-2c5b63601c68,5,,good app,2026-04-16 07:28:36
b9cc65aa-0f84-4120-8c72-0ffd20f43191,5,,Nice Platform for all investment,2026-04-16 07:27:39
aebe8b64-d61f-4f2d-9ae5-8c4a85e2b382,5,,user friendly App,2026-04-16 07:16:43
a9b02a7f-09c4-4093-b84e-96667f4a328e,5,,very easy to use. I am loving it. MF investment manages fluently,2026-04-16 07:12:28
1f8d54b9-b002-4a26-a5b4-5342b157de4d,5,,good experience and easily usefull,2026-04-16 06:54:28
d7897911-40a9-45af-bfdb-70eb6918c10a,5,,it's good for Intraday trending...,2026-04-16 06:48:24
c186cdd8-946a-4a9d-9ec1-0e5891f12121,5,,I was a beginner but groww helped me understand many things.,2026-04-16 06:43:20
92d82c21-16e4-4410-93f2-f34d474f1780,1,,Best option for money saving.,2026-04-16 06:20:12
c33da87e-f1fd-4baa-8c85-26236e2f633a,5,,good,2026-04-16 04:30:11
b6a8f330-efb8-453d-a368-c50eb0f2e05b,5,,very simple interface too good,2026-04-16 03:35:31
b96e8435-8c08-487f-9a46-3b7314f0fca0,5,,love Groww.. with the help of groww i understand how the market works 00.0001%.. without it 0%...,2026-04-16 03:12:39
87b72dbc-d7dc-4599-9ac0-d32b3c06fdaf,5,,have a nice 👍,2026-04-16 01:09:47
09556c10-25dc-4271-80c4-60a6f1354912,5,,good,2026-04-16 01:03:19
66176809-7e62-4446-9b0f-ab0c279fa13f,5,,👍🏻,2026-04-16 00:23:49
f08c9b13-5a58-449d-8449-39b88fb6fc0f,1,,😡😡is add se tak gya hu me,2026-04-16 00:13:57
58e4a12f-74dc-43c7-9907-167a64beba62,1,,"Using it for just a day & I realised it as Third class discount broker services!! Very poor! A lot of hidden charges while Equity Buy & sell that do not show during transactions but later deducted. Around ₹20 DP charges + Brokerage extra while Selling (While Zerodha only charges fixed ₹15.34 DP charges, no other charges). You can't withdraw funds after selling. You've to wait a day to withdraw funds (while Zerodha, instant credit after sell & instant withdrawal)",2026-04-15 23:42:03
a970f8bf-eb0f-4748-a591-08654c4be518,5,,very nice apps 👌,2026-04-15 23:41:24
f3a68e6c-6146-4b81-a526-49c99437cd00,4,,"""नमस्ते Groww टीम, मैं आपकी ऐप का नियमित यूजर हूँ। 'SIPs' सेक्शन में 'SIPs cancelled by you' की लिस्ट काफी लंबी हो गई है, जिसे मैन्युअली हटाने या डिलीट करने का कोई विकल्प नहीं है। इससे डैशबोर्ड काफी अव्यवस्थित (cluttered) दिखता है। कृपया भविष्य के अपडेट में इन रिकॉर्ड्स को 'Hide' या 'Delete' करने का विकल्प जोड़ें।""",2026-04-15 23:39:47
1592a8e9-193e-4af1-8dc7-5c61c3d89f38,5,,Good,2026-04-15 23:09:15
c4038126-7ffe-48f8-a3bd-4c9d3099f346,5,,good app for beginners as well as for experienced traders.,2026-04-15 23:09:07
dfa22fe0-a89a-4570-ac40-534e6c00cecd,2,,good,2026-04-15 22:57:58
4bcc7097-c01b-4ba5-8768-86d4af4ff495,5,,good,2026-04-15 22:56:01
83517dbd-2e26-4cd1-b284-5035be91f565,5,,nice,2026-04-15 22:52:13
6a9f3964-8d5a-4e5a-babf-4f030f0b63ec,5,,excellent 👌,2026-04-15 22:32:10
f7020d75-f409-4ad3-ab7e-3071ed6f996d,5,,Excellent.,2026-04-15 22:26:21
539523e0-1c97-4d31-a2a9-3a0a5d89fdc9,4,,Good service,2026-04-15 22:15:10
e4c93be0-a6fe-4f50-8dfb-aeda3bdced07,5,,very good app,2026-04-15 22:09:30
b24266e9-b97a-422e-b6ab-5b53f7614e94,5,,Best app,2026-04-15 21:51:08
9b63ec76-4a37-4b85-a44e-a42793761e21,1,,Worst trading app ever. Charges are more than the selling price.,2026-04-15 21:36:37
47991126-94be-491a-a919-a2bbaa26e078,5,,very good 👍,2026-04-15 21:30:50
f4dd0be0-4f2c-4777-9307-76323846b464,3,,"Unable to track external Stock Portfolios of Zerodha, Mstock, ICICI Direct in the App. On trying to track it always showing as in Progress for the last several week's. I have uninstalled the app and cleared the cache. I suppose there is some Glitch kindly do the needful at the earliest.",2026-04-15 21:10:40
d6a50375-f9c6-4625-a766-8ce1cb680477,1,,"if you are using mtf for margins then this is the worst app,,,groww is charging flat 0.1% brokerage on whole traded amount,,,,except groww every trading app has a upper cap limit of 20 per trade",2026-04-15 21:09:13
fa671132-353e-4aae-addf-6b282bda04d8,5,,wonder full Good Very happy,2026-04-15 21:05:04
38b7a9fc-0bbf-473b-b686-5b96b5ffde9b,5,,this app is good for beginners and also experienced people can trade in this app.,2026-04-15 20:56:48
f704b09e-2fab-43ad-a095-02878a8235d1,5,,easy to handle,2026-04-15 20:23:00
a3660379-6fba-4864-a3ee-d6743e2ff413,5,,nice app,2026-04-15 20:14:58
a317b28e-855a-4596-bce2-45ddbba24752,5,,super app,2026-04-15 20:06:05
32b144a4-4c19-46f5-ac0e-a09fa733a95a,5,,sure friendly. but need improvement,2026-04-15 20:04:45
88498e95-c2ea-4c47-ae82-8c6d7192c763,5,,app is easy to use.,2026-04-15 19:59:26
9f689371-3370-4644-9b9f-3500a43a5d50,5,,Best app for Trading and sip,2026-04-15 19:59:22
cb2cfefb-101c-4e39-a914-36b23723b14a,5,,good,2026-04-15 19:45:07
0963ca14-f854-4a73-a779-555956d06350,5,,good,2026-04-15 19:26:18
4c6d0541-b158-4e0b-9445-4adb7c8c0420,5,,Very nice,2026-04-15 19:18:35
b1633747-0a5d-4717-a514-8e1b3f3543c7,5,,good 👍😊,2026-04-15 19:16:08
99eee051-50c3-4280-ae00-0097b6c6469d,4,,super,2026-04-15 18:30:30
a39aa3ad-4d5b-4544-bff9-39fa74b58a40,5,,nice 🙂,2026-04-15 18:27:42
116b8cdf-4887-4693-8f2e-2b3db74100ea,5,,good,2026-04-15 18:21:47
b4b60869-8089-48c0-9717-89de898b9cca,5,,March 2022 user 🥰 Top broker application groww 🥰😍 march 2026 I hate brokerage at this time from you groww 🤬,2026-04-15 18:09:38
9b41a555-d846-477d-9c04-57fa2b7cf5d4,4,,it's very good experience! I like it,2026-04-15 18:09:00
28b88ed6-879e-4749-9dab-8b0b0f37afcb,5,,"• Best for Beginners: ""Trading ke liye sabse simple aur clean interface."" • Smooth Experience: ""Stock aur Mutual Funds ke liye ek dum badhiya app.""",2026-04-15 17:53:03
c3e2b92d-bd3e-4bba-9f8a-1d1fcd421575,1,,oen nhi ho rha bagut bar kosis kr liya,2026-04-15 17:41:57
5005aa71-745a-4468-9345-cd909f37cae9,5,,nice,2026-04-15 17:39:22
1db10eb4-0c4c-4ab0-a20d-e4f71db2e77d,5,,very good,2026-04-15 17:29:15
5a37fa80-9646-4da2-ace5-833bd3460acb,4,,"Groww is a great platform, but it lacks an important security feature. Please implement TOTP-based Two-Factor Authentication (2FA) for login and transactions. OTP-only security is not sufficient today. Adding authenticator-based 2FA will significantly improve user safety and trust. Kindly prioritize this feature.",2026-04-15 17:11:43
34db4ced-e956-4a74-9180-4cbf7ca2f254,5,,good,2026-04-15 17:10:38
47178f02-b325-4318-b063-721c3b02243f,5,,👍,2026-04-15 17:04:16
9539a8ab-6fa4-42d5-8138-ebd1f7b4d03d,5,,good,2026-04-15 16:49:46
9545428b-13a2-4334-a9e7-b4ed311dfee3,1,,very slow chart moving and stoploss not hit perfectly ..,2026-04-15 16:47:53
088573d7-0f5f-4fe7-b7ec-09db15e18b8f,4,,"good app for exploring stocks, but only 10 watchlist option. other broker give more than 10 watchlist create option. if groww provide 20 to 30 watchlist create option than i usee only groww because groww interface is simple and easy to understand.",2026-04-15 16:30:31
dd27e152-9c84-454f-9009-224bb9f472c3,1,,unable to install the app in my new phone. plz help Groww team.,2026-04-15 16:23:14
ba80f2f7-da94-48c9-a49f-3169983514e7,5,,Good platform with Less transaction charges... Easy to use - User Friendly App... good 👍🏻👍🏻👍🏻😊😊😊,2026-04-15 16:18:55
1c196ca7-1811-4406-b7b4-a66281360697,5,,best app yet,2026-04-15 16:10:17
9fbf048c-1fae-4ac0-992b-4b693241c65f,5,,🤗,2026-04-15 16:09:48
30719b26-f069-45d5-93e4-dcb3815e4370,5,,Exillent,2026-04-15 15:58:28
b822f39d-253e-47b8-869b-043a72a32d13,5,,गो एक ऐसा प्लेटफॉर्म है जिससे लोग आसानी से समझ कर और रुपया कमा सकते हैं,2026-04-15 15:43:38
cfa33665-c3f9-499a-8c08-e2144d8c0ac5,5,,One of the best app to buy and sell stocks,2026-04-15 15:29:42
13fb207b-5aad-44c2-b9f4-c9ef94a35c44,5,,User friendly..,2026-04-15 15:27:26
ddc29961-6a65-4cf7-a540-bd3dc72d40db,5,,good 👍,2026-04-15 15:26:28
d13d11da-05be-4adb-8f54-609852bb869c,4,,very good👍,2026-04-15 15:25:05
3cf77ff7-473f-484c-b287-bd81f1e99c61,5,,nice app,2026-04-15 15:25:05
feb09d0c-ee6b-4086-ab93-aa272a8bdb2a,3,,average,2026-04-15 15:22:45
